fecha;material;cantidad
2/01/2015;BANDEJAS;1
14/01/2015;FIBRA OPTICA DE 48 HILOS;80
19/01/2015;MUFAS PUP;1
2/02/2015;FIBRA OPTICA DE 48 HILOS;200
19/02/2015;MUFAS PUP;1
28/02/2015;FIBRA OPTICA DE 48 HILOS;88
28/02/2015;BANDEJAS;2
15/03/2015;BANDEJAS;2
17/03/2015;MUFAS PUP;1
17/03/2015;BANDEJAS;4
17/03/2015;BANDEJAS;4
17/03/2015;MUFAS PUP;1
18/03/2015;BANDEJAS;4
18/03/2015;MUFAS PUP;1
19/03/2015;BANDEJAS;16
19/03/2015;MUFAS PUP;4
19/03/2015;FIBRA OPTICA DE 48 HILOS;425
19/03/2015;BANDEJAS;2
19/03/2015;BANDEJAS;8
19/03/2015;MUFAS PUP;2
20/03/2015;MUFAS PUP;1
20/03/2015;BANDEJAS;1
20/03/2015;CRUCETAS;1
20/03/2015;FIBRA OPTICA DE 48 HILOS;146
20/03/2015;BANDEJAS;1
20/03/2015;BANDEJAS;1
20/03/2015;CRUCETAS;4
20/03/2015;BANDEJAS;2
21/03/2015;BANDEJAS;1
21/03/2015;MUFAS PUP;2
21/03/2015;BANDEJAS;2
22/03/2015;BANDEJAS;4
22/03/2015;MUFAS PUP;1
22/03/2015;CRUCETAS;1
22/03/2015;BANDEJAS;4
22/03/2015;MUFAS PUP;1
22/03/2015;CRUCETAS;1
22/03/2015;FIBRA OPTICA DE 48 HILOS;143
22/03/2015;MUFAS PUP;2
22/03/2015;BANDEJAS;8
22/03/2015;FIBRA OPTICA DE 48 HILOS;228
22/03/2015;MUFAS PUP;2
22/03/2015;BANDEJAS;8
22/03/2015;FIBRA OPTICA DE 48 HILOS;228
22/03/2015;CRUCETAS;1
22/03/2015;MUFAS PUP;1
22/03/2015;BANDEJAS;3
23/03/2015;BANDEJAS;4
23/03/2015;MUFAS PUP;1
25/03/2015;BANDEJAS;17
26/03/2015;MUFAS PUP;5
26/03/2015;FIBRA OPTICA DE 48 HILOS;521
26/03/2015;MUFAS PUP;6
26/03/2015;BANDEJAS;3
26/03/2015;BANDEJAS;17
26/03/2015;FIBRA OPTICA DE 48 HILOS;111
26/03/2015;CRUCETAS;3
28/03/2015;BANDEJAS;1
28/03/2015;MUFAS PUP;1
28/03/2015;BANDEJAS;2
29/03/2015;MUFAS PUP;4
29/03/2015;MUFAS PUP;1
29/03/2015;BANDEJAS;6
29/03/2015;FIBRA OPTICA DE 48 HILOS;300
30/03/2015;BANDEJAS;14
30/03/2015;MUFAS PUP;3
30/03/2015;BANDEJAS;12
30/03/2015;FIBRA OPTICA DE 48 HILOS;38
30/03/2015;MUFAS PUP;1
30/03/2015;BANDEJAS;4
30/03/2015;FIBRA OPTICA DE 48 HILOS;139
30/03/2015;MUFAS PUP;2
30/03/2015;BANDEJAS;8
31/03/2015;MUFAS PUP;3
31/03/2015;BANDEJAS;2
31/03/2015;FIBRA OPTICA DE 48 HILOS;150
1/04/2015;BANDEJAS;9
1/04/2015;FIBRA OPTICA DE 48 HILOS;550
1/04/2015;FIBRA OPTICA DE 48 HILOS;500
1/04/2015;MUFAS PUP;2
1/04/2015;BANDEJAS;8
2/04/2015;BANDEJAS;4
3/04/2015;MUFAS PUP;1
3/04/2015;MUFAS PUP;1
4/04/2015;CRUCETAS;2
5/04/2015;BANDEJAS;8
5/04/2015;BANDEJAS;4
6/04/2015;MUFAS PUP;2
6/04/2015;MUFAS PUP;1
6/04/2015;MUFAS PUP;1
6/04/2015;BANDEJAS;1
7/04/2015;FIBRA OPTICA DE 48 HILOS;370
9/04/2015;CRUCETAS;1
10/04/2015;CRUCETAS;1
10/04/2015;MUFAS PUP;2
10/04/2015;BANDEJAS;8
10/04/2015;CRUCETAS;2
10/04/2015;FIBRA OPTICA DE 48 HILOS;300
10/04/2015;MUFAS PUP;1
10/04/2015;BANDEJAS;1
10/04/2015;MUFAS PUP;1
10/04/2015;MUFAS PUP;1
10/04/2015;BANDEJAS;7
10/04/2015;FIBRA OPTICA DE 48 HILOS;300
10/04/2015;BANDEJAS;2
10/04/2015;FIBRA OPTICA DE 48 HILOS;166
11/04/2015;MUFAS PUP;1
12/04/2015;BANDEJAS;2
12/04/2015;FIBRA OPTICA DE 48 HILOS;200
12/04/2015;MUFAS PUP;2
12/04/2015;BANDEJAS;8
13/04/2015;FIBRA OPTICA DE 48 HILOS;350
13/04/2015;FIBRA OPTICA DE 48 HILOS;145
13/04/2015;MUFAS PUP;2
13/04/2015;BANDEJAS;8
13/04/2015;BANDEJAS;2
13/04/2015;FIBRA OPTICA DE 48 HILOS;250
14/04/2015;BANDEJAS;4
14/04/2015;FIBRA OPTICA DE 48 HILOS;170
14/04/2015;BANDEJAS;2
14/04/2015;BANDEJAS;1
14/04/2015;MUFAS PUP;2
14/04/2015;CRUCETAS;2
15/04/2015;BANDEJAS;7
15/04/2015;MUFAS PUP;2
15/04/2015;BANDEJAS;1
15/04/2015;FIBRA OPTICA DE 48 HILOS;300
15/04/2015;BANDEJAS;4
15/04/2015;MUFAS PUP;1
15/04/2015;MUFAS PUP;1
15/04/2015;BANDEJAS;2
15/04/2015;BANDEJAS;2
15/04/2015;MUFAS PUP;1
15/04/2015;BANDEJAS;2
17/04/2015;FIBRA OPTICA DE 48 HILOS;143
17/04/2015;BANDEJAS;8
17/04/2015;MUFAS PUP;2
17/04/2015;CRUCETAS;2
17/04/2015;FIBRA OPTICA DE 48 HILOS;290
18/04/2015;BANDEJAS;1
18/04/2015;MUFAS PUP;1
18/04/2015;MUFAS PUP;2
18/04/2015;BANDEJAS;4
18/04/2015;FIBRA OPTICA DE 48 HILOS;371
18/04/2015;MUFAS PUP;1
18/04/2015;BANDEJAS;2
18/04/2015;BANDEJAS;2
19/04/2015;BANDEJAS;2
19/04/2015;BANDEJAS;1
20/04/2015;MUFAS PUP;1
20/04/2015;BANDEJAS;4
20/04/2015;CRUCETAS;1
20/04/2015;BANDEJAS;1
20/04/2015;BANDEJAS;1
22/04/2015;BANDEJAS;2
23/04/2015;FIBRA OPTICA DE 48 HILOS;297
23/04/2015;BANDEJAS;1
24/04/2015;MUFAS PUP;2
24/04/2015;MUFAS PUP;1
24/04/2015;BANDEJAS;6
24/04/2015;CRUCETAS;1
25/04/2015;BANDEJAS;8
25/04/2015;BANDEJAS;2
25/04/2015;FIBRA OPTICA DE 48 HILOS;135
25/04/2015;MUFAS PUP;2
25/04/2015;BANDEJAS;8
25/04/2015;FIBRA OPTICA DE 48 HILOS;168
26/04/2015;FIBRA OPTICA DE 48 HILOS;202
27/04/2015;MUFAS PUP;1
27/04/2015;BANDEJAS;4
27/04/2015;FIBRA OPTICA DE 48 HILOS;700
27/04/2015;MUFAS PUP;2
27/04/2015;BANDEJAS;8
27/04/2015;CRUCETAS;1
28/04/2015;BANDEJAS;2
28/04/2015;MUFAS PUP;3
28/04/2015;BANDEJAS;10
28/04/2015;CRUCETAS;3
28/04/2015;FIBRA OPTICA DE 48 HILOS;366
28/04/2015;FIBRA OPTICA DE 48 HILOS;300
28/04/2015;BANDEJAS;8
28/04/2015;MUFAS PUP;1
28/04/2015;BANDEJAS;1
28/04/2015;CRUCETAS;1
28/04/2015;MUFAS PUP;2
28/04/2015;BANDEJAS;1
29/04/2015;MUFAS PUP;1
29/04/2015;BANDEJAS;4
29/04/2015;CRUCETAS;1
29/04/2015;BANDEJAS;1
29/04/2015;MUFAS PUP;2
29/04/2015;FIBRA OPTICA DE 48 HILOS;200
29/04/2015;BANDEJAS;2
29/04/2015;FIBRA OPTICA DE 48 HILOS;135
29/04/2015;BANDEJAS;2
29/04/2015;FIBRA OPTICA DE 48 HILOS;110
29/04/2015;BANDEJAS;1
30/04/2015;BANDEJAS;4
30/04/2015;BANDEJAS;1
30/04/2015;MUFAS PUP;1
30/04/2015;MUFAS PUP;1
30/04/2015;BANDEJAS;4
1/05/2015;FIBRA OPTICA DE 48 HILOS;130
2/05/2015;BANDEJAS;4
2/05/2015;CRUCETAS;1
2/05/2015;MUFAS PUP;1
2/05/2015;BANDEJAS;4
3/05/2015;MUFAS PUP;1
3/05/2015;FIBRA OPTICA DE 48 HILOS;200
3/05/2015;CRUCETAS;2
3/05/2015;BANDEJAS;2
3/05/2015;CRUCETAS;1
3/05/2015;BANDEJAS;4
3/05/2015;MUFAS PUP;1
4/05/2015;BANDEJAS;2
4/05/2015;FIBRA OPTICA DE 48 HILOS;700
4/05/2015;MUFAS PUP;1
4/05/2015;BANDEJAS;4
4/05/2015;CRUCETAS;1
4/05/2015;FIBRA OPTICA DE 48 HILOS;125
5/05/2015;MUFAS PUP;2
6/05/2015;BANDEJAS;2
7/05/2015;FIBRA OPTICA DE 48 HILOS;500
7/05/2015;MUFAS PUP;1
7/05/2015;BANDEJAS;4
7/05/2015;BANDEJAS;4
7/05/2015;FIBRA OPTICA DE 48 HILOS;400
7/05/2015;FIBRA OPTICA DE 48 HILOS;120
7/05/2015;BANDEJAS;4
7/05/2015;BANDEJAS;1
7/05/2015;BANDEJAS;16
7/05/2015;MUFAS PUP;4
7/05/2015;BANDEJAS;2
8/05/2015;MUFAS PUP;1
8/05/2015;BANDEJAS;1
8/05/2015;BANDEJAS;2
8/05/2015;BANDEJAS;1
8/05/2015;BANDEJAS;1
8/05/2015;BANDEJAS;1
8/05/2015;BANDEJAS;1
8/05/2015;CRUCETAS;2
8/05/2015;BANDEJAS;8
8/05/2015;FIBRA OPTICA DE 48 HILOS;150
8/05/2015;MUFAS PUP;2
9/05/2015;CRUCETAS;1
9/05/2015;BANDEJAS;2
9/05/2015;BANDEJAS;1
9/05/2015;FIBRA OPTICA DE 48 HILOS;154
10/05/2015;BANDEJAS;4
10/05/2015;FIBRA OPTICA DE 48 HILOS;86
10/05/2015;BANDEJAS;4
11/05/2015;FIBRA OPTICA DE 48 HILOS;500
11/05/2015;BANDEJAS;4
11/05/2015;BANDEJAS;1
11/05/2015;FIBRA OPTICA DE 48 HILOS;120
13/05/2015;BANDEJAS;8
13/05/2015;BANDEJAS;1
14/05/2015;MUFAS PUP;2
14/05/2015;FIBRA OPTICA DE 48 HILOS;166
14/05/2015;BANDEJAS;4
14/05/2015;FIBRA OPTICA DE 48 HILOS;176
14/05/2015;MUFAS PUP;2
14/05/2015;BANDEJAS;8
14/05/2015;CRUCETAS;1
14/05/2015;MUFAS PUP;1
14/05/2015;BANDEJAS;2
14/05/2015;CRUCETAS;1
14/05/2015;FIBRA OPTICA DE 48 HILOS;271
15/05/2015;FIBRA OPTICA DE 48 HILOS;500
16/05/2015;FIBRA OPTICA DE 48 HILOS;500
16/05/2015;BANDEJAS;4
16/05/2015;MUFAS PUP;1
16/05/2015;CRUCETAS;2
16/05/2015;BANDEJAS;8
16/05/2015;MUFAS PUP;2
16/05/2015;FIBRA OPTICA DE 48 HILOS;180
16/05/2015;BANDEJAS;4
16/05/2015;FIBRA OPTICA DE 48 HILOS;141
16/05/2015;FIBRA OPTICA DE 48 HILOS;153
16/05/2015;MUFAS PUP;1
16/05/2015;BANDEJAS;4
16/05/2015;CRUCETAS;2
16/05/2015;MUFAS PUP;1
16/05/2015;BANDEJAS;4
17/05/2015;BANDEJAS;2
18/05/2015;CRUCETAS;3
18/05/2015;FIBRA OPTICA DE 48 HILOS;380
18/05/2015;BANDEJAS;4
18/05/2015;MUFAS PUP;1
18/05/2015;CRUCETAS;1
18/05/2015;FIBRA OPTICA DE 48 HILOS;111
18/05/2015;BANDEJAS;2
19/05/2015;FIBRA OPTICA DE 48 HILOS;400
19/05/2015;FIBRA OPTICA DE 48 HILOS;81
19/05/2015;BANDEJAS;4
19/05/2015;BANDEJAS;4
19/05/2015;MUFAS PUP;1
19/05/2015;BANDEJAS;4
19/05/2015;MUFAS PUP;1
19/05/2015;BANDEJAS;1
19/05/2015;FIBRA OPTICA DE 48 HILOS;299
20/05/2015;BANDEJAS;8
20/05/2015;BANDEJAS;2
20/05/2015;BANDEJAS;2
21/05/2015;MUFAS PUP;1
21/05/2015;BANDEJAS;4
22/05/2015;MUFAS PUP;1
22/05/2015;MUFAS PUP;1
22/05/2015;BANDEJAS;4
22/05/2015;BANDEJAS;1
22/05/2015;BANDEJAS;2
22/05/2015;BANDEJAS;1
22/05/2015;FIBRA OPTICA DE 48 HILOS;60
22/05/2015;BANDEJAS;4
22/05/2015;FIBRA OPTICA DE 48 HILOS;105
23/05/2015;BANDEJAS;4
24/05/2015;MUFAS PUP;2
24/05/2015;BANDEJAS;4
25/05/2015;BANDEJAS;1
25/05/2015;BANDEJAS;3
25/05/2015;MUFAS PUP;1
26/05/2015;BANDEJAS;1
26/05/2015;MUFAS PUP;1
26/05/2015;BANDEJAS;2
27/05/2015;MUFAS PUP;2
27/05/2015;BANDEJAS;6
27/05/2015;BANDEJAS;2
27/05/2015;BANDEJAS;2
27/05/2015;FIBRA OPTICA DE 48 HILOS;60
27/05/2015;BANDEJAS;4
28/05/2015;BANDEJAS;4
28/05/2015;MUFAS PUP;1
30/05/2015;MUFAS PUP;1
30/05/2015;BANDEJAS;1
30/05/2015;BANDEJAS;3
30/05/2015;BANDEJAS;8
30/05/2015;FIBRA OPTICA DE 48 HILOS;140
31/05/2015;BANDEJAS;1
31/05/2015;BANDEJAS;1
1/06/2015;BANDEJAS;1
1/06/2015;BANDEJAS;2
1/06/2015;MUFAS PUP;1
2/06/2015;BANDEJAS;2
2/06/2015;FIBRA OPTICA DE 48 HILOS;178
3/06/2015;FIBRA OPTICA DE 48 HILOS;336
3/06/2015;CRUCETAS;2
3/06/2015;BANDEJAS;6
3/06/2015;MUFAS PUP;3
3/06/2015;BANDEJAS;1
4/06/2015;BANDEJAS;2
4/06/2015;FIBRA OPTICA DE 48 HILOS;158
4/06/2015;MUFAS PUP;2
4/06/2015;BANDEJAS;2
4/06/2015;FIBRA OPTICA DE 48 HILOS;113
4/06/2015;MUFAS PUP;2
4/06/2015;BANDEJAS;8
4/06/2015;CRUCETAS;2
4/06/2015;FIBRA OPTICA DE 48 HILOS;463
4/06/2015;MUFAS PUP;1
4/06/2015;BANDEJAS;4
4/06/2015;MUFAS PUP;1
4/06/2015;MUFAS PUP;1
4/06/2015;BANDEJAS;1
4/06/2015;BANDEJAS;1
4/06/2015;BANDEJAS;4
4/06/2015;MUFAS PUP;1
4/06/2015;BANDEJAS;4
4/06/2015;BANDEJAS;2
4/06/2015;BANDEJAS;2
4/06/2015;MUFAS PUP;1
4/06/2015;BANDEJAS;4
4/06/2015;BANDEJAS;1
4/06/2015;BANDEJAS;1
4/06/2015;CRUCETAS;12
4/06/2015;BANDEJAS;2
4/06/2015;MUFAS PUP;1
4/06/2015;BANDEJAS;4
4/06/2015;CRUCETAS;1
4/06/2015;MUFAS PUP;2
4/06/2015;BANDEJAS;2
4/06/2015;CRUCETAS;1
4/06/2015;MUFAS PUP;1
4/06/2015;BANDEJAS;8
4/06/2015;FIBRA OPTICA DE 48 HILOS;197
5/06/2015;FIBRA OPTICA DE 48 HILOS;167
5/06/2015;FIBRA OPTICA DE 48 HILOS;1500
5/06/2015;CRUCETAS;1
5/06/2015;BANDEJAS;4
5/06/2015;BANDEJAS;12
5/06/2015;FIBRA OPTICA DE 48 HILOS;223
5/06/2015;BANDEJAS;2
5/06/2015;FIBRA OPTICA DE 48 HILOS;238
6/06/2015;BANDEJAS;4
6/06/2015;FIBRA OPTICA DE 48 HILOS;310
6/06/2015;BANDEJAS;4
6/06/2015;MUFAS PUP;1
6/06/2015;FIBRA OPTICA DE 48 HILOS;122
10/06/2015;CRUCETAS;1
10/06/2015;BANDEJAS;6
10/06/2015;FIBRA OPTICA DE 48 HILOS;250
10/06/2015;FIBRA OPTICA DE 48 HILOS;84
10/06/2015;BANDEJAS;4
10/06/2015;BANDEJAS;2
10/06/2015;MUFAS PUP;1
11/06/2015;BANDEJAS;2
11/06/2015;CRUCETAS;1
12/06/2015;FIBRA OPTICA DE 48 HILOS;983
12/06/2015;BANDEJAS;6
13/06/2015;CRUCETAS;1
13/06/2015;BANDEJAS;4
13/06/2015;BANDEJAS;2
13/06/2015;BANDEJAS;2
13/06/2015;MUFAS PUP;2
13/06/2015;BANDEJAS;4
13/06/2015;FIBRA OPTICA DE 48 HILOS;250
15/06/2015;MUFAS PUP;2
15/06/2015;BANDEJAS;2
16/06/2015;BANDEJAS;1
16/06/2015;BANDEJAS;1
16/06/2015;MUFAS PUP;2
16/06/2015;BANDEJAS;2
16/06/2015;BANDEJAS;1
17/06/2015;MUFAS PUP;1
17/06/2015;BANDEJAS;4
18/06/2015;BANDEJAS;4
18/06/2015;FIBRA OPTICA DE 48 HILOS;303
20/06/2015;FIBRA OPTICA DE 48 HILOS;380
20/06/2015;BANDEJAS;2
20/06/2015;BANDEJAS;4
23/06/2015;BANDEJAS;2
23/06/2015;FIBRA OPTICA DE 48 HILOS;50
24/06/2015;MUFAS PUP;1
25/06/2015;BANDEJAS;1
25/06/2015;BANDEJAS;2
25/06/2015;BANDEJAS;2
25/06/2015;FIBRA OPTICA DE 48 HILOS;50
25/06/2015;FIBRA OPTICA DE 48 HILOS;210
26/06/2015;BANDEJAS;1
26/06/2015;CRUCETAS;1
26/06/2015;BANDEJAS;4
27/06/2015;BANDEJAS;1
27/06/2015;MUFAS PUP;1
27/06/2015;BANDEJAS;4
27/06/2015;BANDEJAS;1
27/06/2015;BANDEJAS;2
27/06/2015;BANDEJAS;4
29/06/2015;BANDEJAS;1
29/06/2015;MUFAS PUP;1
29/06/2015;BANDEJAS;2
1/07/2015;MUFAS PUP;1
1/07/2015;BANDEJAS;1
1/07/2015;BANDEJAS;4
2/07/2015;MUFAS PUP;1
2/07/2015;BANDEJAS;4
3/07/2015;BANDEJAS;8
3/07/2015;MUFAS PUP;2
3/07/2015;FIBRA OPTICA DE 48 HILOS;300
4/07/2015;MUFAS PUP;4
4/07/2015;BANDEJAS;16
4/07/2015;FIBRA OPTICA DE 48 HILOS;539
7/07/2015;FIBRA OPTICA DE 48 HILOS;300
7/07/2015;MUFAS PUP;1
7/07/2015;BANDEJAS;1
7/07/2015;MUFAS PUP;1
7/07/2015;BANDEJAS;4
10/07/2015;MUFAS PUP;1
10/07/2015;BANDEJAS;1
11/07/2015;BANDEJAS;1
11/07/2015;MUFAS PUP;1
11/07/2015;BANDEJAS;1
11/07/2015;MUFAS PUP;1
11/07/2015;BANDEJAS;1
12/07/2015;MUFAS PUP;1
12/07/2015;BANDEJAS;4
12/07/2015;MUFAS PUP;1
12/07/2015;BANDEJAS;4
13/07/2015;FIBRA OPTICA DE 48 HILOS;595
13/07/2015;MUFAS PUP;1
13/07/2015;BANDEJAS;5
13/07/2015;FIBRA OPTICA DE 48 HILOS;2000
13/07/2015;BANDEJAS;2
14/07/2015;BANDEJAS;4
14/07/2015;MUFAS PUP;1
14/07/2015;BANDEJAS;8
14/07/2015;MUFAS PUP;2
14/07/2015;FIBRA OPTICA DE 48 HILOS;250
14/07/2015;CRUCETAS;2
15/07/2015;FIBRA OPTICA DE 48 HILOS;823
15/07/2015;MUFAS PUP;1
15/07/2015;BANDEJAS;4
15/07/2015;BANDEJAS;1
16/07/2015;MUFAS PUP;1
16/07/2015;BANDEJAS;1
19/07/2015;FIBRA OPTICA DE 48 HILOS;300
19/07/2015;BANDEJAS;1
19/07/2015;BANDEJAS;3
19/07/2015;CRUCETAS;1
20/07/2015;MUFAS PUP;2
20/07/2015;BANDEJAS;8
20/07/2015;FIBRA OPTICA DE 48 HILOS;93
21/07/2015;BANDEJAS;1
22/07/2015;BANDEJAS;4
23/07/2015;MUFAS PUP;1
23/07/2015;MUFAS PUP;1
23/07/2015;BANDEJAS;1
25/07/2015;FIBRA OPTICA DE 48 HILOS;115
25/07/2015;BANDEJAS;5
25/07/2015;MUFAS PUP;1
26/07/2015;MUFAS PUP;2
26/07/2015;FIBRA OPTICA DE 48 HILOS;150
26/07/2015;BANDEJAS;8
27/07/2015;MUFAS PUP;1
27/07/2015;BANDEJAS;4
27/07/2015;CRUCETAS;1
29/07/2015;BANDEJAS;2
29/07/2015;CRUCETAS;1
30/07/2015;BANDEJAS;2
30/07/2015;BANDEJAS;8
30/07/2015;MUFAS PUP;2
30/07/2015;FIBRA OPTICA DE 48 HILOS;350
30/07/2015;CRUCETAS;1
30/07/2015;MUFAS PUP;1
30/07/2015;BANDEJAS;4
30/07/2015;MUFAS PUP;1
30/07/2015;BANDEJAS;1
31/07/2015;BANDEJAS;2
31/07/2015;MUFAS PUP;2
31/07/2015;BANDEJAS;8
31/07/2015;FIBRA OPTICA DE 48 HILOS;195
1/08/2015;FIBRA OPTICA DE 48 HILOS;200
1/08/2015;CRUCETAS;1
1/08/2015;BANDEJAS;8
1/08/2015;MUFAS PUP;2
1/08/2015;MUFAS PUP;1
1/08/2015;FIBRA OPTICA DE 48 HILOS;400
2/08/2015;FIBRA OPTICA DE 48 HILOS;200
2/08/2015;CRUCETAS;1
2/08/2015;BANDEJAS;4
2/08/2015;MUFAS PUP;1
2/08/2015;FIBRA OPTICA DE 48 HILOS;500
2/08/2015;MUFAS PUP;4
3/08/2015;MUFAS PUP;2
3/08/2015;BANDEJAS;2
3/08/2015;FIBRA OPTICA DE 48 HILOS;150
3/08/2015;MUFAS PUP;1
3/08/2015;BANDEJAS;4
4/08/2015;MUFAS PUP;2
4/08/2015;BANDEJAS;8
4/08/2015;FIBRA OPTICA DE 48 HILOS;105
4/08/2015;FIBRA OPTICA DE 48 HILOS;714
4/08/2015;FIBRA OPTICA DE 48 HILOS;700
5/08/2015;MUFAS PUP;2
5/08/2015;BANDEJAS;7
5/08/2015;FIBRA OPTICA DE 48 HILOS;142
5/08/2015;FIBRA OPTICA DE 48 HILOS;200
5/08/2015;CRUCETAS;2
5/08/2015;BANDEJAS;8
5/08/2015;MUFAS PUP;2
5/08/2015;MUFAS PUP;2
6/08/2015;MUFAS PUP;1
6/08/2015;BANDEJAS;4
6/08/2015;BANDEJAS;1
6/08/2015;MUFAS PUP;1
6/08/2015;BANDEJAS;2
7/08/2015;BANDEJAS;1
7/08/2015;FIBRA OPTICA DE 48 HILOS;280
7/08/2015;CRUCETAS;1
7/08/2015;BANDEJAS;4
7/08/2015;MUFAS PUP;1
7/08/2015;MUFAS PUP;1
7/08/2015;BANDEJAS;4
7/08/2015;MUFAS PUP;1
7/08/2015;BANDEJAS;1
8/08/2015;FIBRA OPTICA DE 48 HILOS;120
8/08/2015;BANDEJAS;8
8/08/2015;MUFAS PUP;2
8/08/2015;BANDEJAS;4
8/08/2015;MUFAS PUP;1
10/08/2015;FIBRA OPTICA DE 48 HILOS;250
10/08/2015;MUFAS PUP;2
10/08/2015;BANDEJAS;3
10/08/2015;BANDEJAS;4
10/08/2015;MUFAS PUP;1
10/08/2015;BANDEJAS;2
10/08/2015;BANDEJAS;1
10/08/2015;BANDEJAS;4
10/08/2015;MUFAS PUP;1
10/08/2015;MUFAS PUP;1
10/08/2015;BANDEJAS;2
11/08/2015;FIBRA OPTICA DE 48 HILOS;200
11/08/2015;BANDEJAS;4
11/08/2015;MUFAS PUP;1
12/08/2015;BANDEJAS;1
13/08/2015;BANDEJAS;1
14/08/2015;BANDEJAS;2
14/08/2015;MUFAS PUP;1
14/08/2015;MUFAS PUP;1
14/08/2015;BANDEJAS;1
15/08/2015;CRUCETAS;1
15/08/2015;BANDEJAS;8
15/08/2015;MUFAS PUP;2
15/08/2015;MUFAS PUP;4
15/08/2015;BANDEJAS;12
15/08/2015;FIBRA OPTICA DE 48 HILOS;200
17/08/2015;MUFAS PUP;2
17/08/2015;BANDEJAS;9
17/08/2015;FIBRA OPTICA DE 48 HILOS;280
17/08/2015;MUFAS PUP;1
17/08/2015;BANDEJAS;4
18/08/2015;MUFAS PUP;1
18/08/2015;BANDEJAS;4
18/08/2015;MUFAS PUP;2
18/08/2015;BANDEJAS;8
18/08/2015;FIBRA OPTICA DE 48 HILOS;110
20/08/2015;FIBRA OPTICA DE 48 HILOS;500
20/08/2015;BANDEJAS;4
20/08/2015;BANDEJAS;4
20/08/2015;MUFAS PUP;1
20/08/2015;MUFAS PUP;1
20/08/2015;BANDEJAS;1
20/08/2015;BANDEJAS;1
20/08/2015;BANDEJAS;6
20/08/2015;MUFAS PUP;1
20/08/2015;BANDEJAS;8
20/08/2015;MUFAS PUP;2
20/08/2015;FIBRA OPTICA DE 48 HILOS;252
21/08/2015;CRUCETAS;2
21/08/2015;BANDEJAS;8
21/08/2015;MUFAS PUP;2
21/08/2015;FIBRA OPTICA DE 48 HILOS;210
21/08/2015;MUFAS PUP;2
21/08/2015;FIBRA OPTICA DE 48 HILOS;200
21/08/2015;BANDEJAS;4
22/08/2015;BANDEJAS;4
22/08/2015;MUFAS PUP;1
22/08/2015;CRUCETAS;1
22/08/2015;BANDEJAS;4
22/08/2015;MUFAS PUP;2
22/08/2015;FIBRA OPTICA DE 48 HILOS;220
22/08/2015;MUFAS PUP;1
22/08/2015;BANDEJAS;4
22/08/2015;FIBRA OPTICA DE 48 HILOS;150
22/08/2015;MUFAS PUP;2
22/08/2015;BANDEJAS;2
22/08/2015;MUFAS PUP;1
22/08/2015;FIBRA OPTICA DE 48 HILOS;500
22/08/2015;CRUCETAS;2
22/08/2015;BANDEJAS;6
22/08/2015;MUFAS PUP;1
24/08/2015;MUFAS PUP;1
24/08/2015;BANDEJAS;2
25/08/2015;MUFAS PUP;2
25/08/2015;BANDEJAS;4
25/08/2015;FIBRA OPTICA DE 48 HILOS;111
25/08/2015;BANDEJAS;4
25/08/2015;MUFAS PUP;1
26/08/2015;MUFAS PUP;2
26/08/2015;FIBRA OPTICA DE 48 HILOS;142
26/08/2015;BANDEJAS;3
27/08/2015;FIBRA OPTICA DE 48 HILOS;400
27/08/2015;MUFAS PUP;1
27/08/2015;BANDEJAS;1
27/08/2015;CRUCETAS;1
28/08/2015;BANDEJAS;1
28/08/2015;MUFAS PUP;1
28/08/2015;CRUCETAS;1
28/08/2015;FIBRA OPTICA DE 48 HILOS;420
28/08/2015;MUFAS PUP;1
28/08/2015;BANDEJAS;3
28/08/2015;FIBRA OPTICA DE 48 HILOS;50
29/08/2015;BANDEJAS;8
29/08/2015;FIBRA OPTICA DE 48 HILOS;507
29/08/2015;MUFAS PUP;2
29/08/2015;BANDEJAS;2
29/08/2015;BANDEJAS;2
29/08/2015;FIBRA OPTICA DE 48 HILOS;200
30/08/2015;FIBRA OPTICA DE 48 HILOS;150
30/08/2015;MUFAS PUP;2
30/08/2015;BANDEJAS;2
30/08/2015;BANDEJAS;8
31/08/2015;FIBRA OPTICA DE 48 HILOS;450
31/08/2015;MUFAS PUP;1
31/08/2015;BANDEJAS;2
31/08/2015;MUFAS PUP;1
31/08/2015;BANDEJAS;2
1/09/2015;MUFAS PUP;1
1/09/2015;BANDEJAS;1
1/09/2015;BANDEJAS;1
1/09/2015;FIBRA OPTICA DE 48 HILOS;140
2/09/2015;MUFAS PUP;1
2/09/2015;BANDEJAS;4
2/09/2015;MUFAS PUP;1
2/09/2015;BANDEJAS;4
3/09/2015;FIBRA OPTICA DE 48 HILOS;90
3/09/2015;MUFAS PUP;2
3/09/2015;BANDEJAS;8
3/09/2015;FIBRA OPTICA DE 48 HILOS;99
4/09/2015;MUFAS PUP;1
4/09/2015;BANDEJAS;4
4/09/2015;BANDEJAS;1
4/09/2015;MUFAS PUP;1
4/09/2015;FIBRA OPTICA DE 48 HILOS;252
5/09/2015;MUFAS PUP;2
5/09/2015;BANDEJAS;2
5/09/2015;MUFAS PUP;1
5/09/2015;BANDEJAS;4
8/09/2015;BANDEJAS;3
8/09/2015;MUFAS PUP;1
8/09/2015;BANDEJAS;4
9/09/2015;MUFAS PUP;1
9/09/2015;BANDEJAS;4
9/09/2015;FIBRA OPTICA DE 48 HILOS;91
9/09/2015;MUFAS PUP;1
9/09/2015;BANDEJAS;4
9/09/2015;FIBRA OPTICA DE 48 HILOS;324
9/09/2015;BANDEJAS;1
10/09/2015;BANDEJAS;8
10/09/2015;MUFAS PUP;2
10/09/2015;CRUCETAS;2
10/09/2015;FIBRA OPTICA DE 48 HILOS;471
10/09/2015;BANDEJAS;2
10/09/2015;FIBRA OPTICA DE 48 HILOS;150
10/09/2015;MUFAS PUP;2
10/09/2015;BANDEJAS;8
10/09/2015;BANDEJAS;2
10/09/2015;FIBRA OPTICA DE 48 HILOS;105
10/09/2015;BANDEJAS;2
11/09/2015;BANDEJAS;8
11/09/2015;MUFAS PUP;2
11/09/2015;MUFAS PUP;1
11/09/2015;BANDEJAS;1
11/09/2015;FIBRA OPTICA DE 48 HILOS;500
12/09/2015;BANDEJAS;8
12/09/2015;MUFAS PUP;2
12/09/2015;MUFAS PUP;2
12/09/2015;BANDEJAS;10
14/09/2015;MUFAS PUP;2
14/09/2015;BANDEJAS;8
14/09/2015;FIBRA OPTICA DE 48 HILOS;83
15/09/2015;MUFAS PUP;2
15/09/2015;BANDEJAS;8
15/09/2015;MUFAS PUP;2
15/09/2015;BANDEJAS;2
15/09/2015;MUFAS PUP;1
15/09/2015;BANDEJAS;1
16/09/2015;BANDEJAS;1
16/09/2015;MUFAS PUP;1
16/09/2015;BANDEJAS;4
17/09/2015;BANDEJAS;1
17/09/2015;MUFAS PUP;5
17/09/2015;BANDEJAS;20
17/09/2015;MUFAS PUP;1
17/09/2015;BANDEJAS;1
17/09/2015;MUFAS PUP;2
17/09/2015;BANDEJAS;8
17/09/2015;MUFAS PUP;2
17/09/2015;BANDEJAS;2
17/09/2015;BANDEJAS;1
18/09/2015;MUFAS PUP;1
18/09/2015;BANDEJAS;1
19/09/2015;CRUCETAS;2
19/09/2015;BANDEJAS;8
19/09/2015;MUFAS PUP;2
19/09/2015;FIBRA OPTICA DE 48 HILOS;166
19/09/2015;MUFAS PUP;1
19/09/2015;BANDEJAS;4
20/09/2015;MUFAS PUP;1
20/09/2015;BANDEJAS;4
20/09/2015;MUFAS PUP;2
20/09/2015;BANDEJAS;2
20/09/2015;MUFAS PUP;2
20/09/2015;BANDEJAS;2
21/09/2015;MUFAS PUP;1
21/09/2015;BANDEJAS;1
23/09/2015;BANDEJAS;8
23/09/2015;MUFAS PUP;2
23/09/2015;BANDEJAS;1
23/09/2015;BANDEJAS;1
23/09/2015;MUFAS PUP;1
23/09/2015;BANDEJAS;4
23/09/2015;FIBRA OPTICA DE 48 HILOS;266
23/09/2015;MUFAS PUP;2
23/09/2015;BANDEJAS;8
23/09/2015;FIBRA OPTICA DE 48 HILOS;152
24/09/2015;MUFAS PUP;1
24/09/2015;BANDEJAS;3
24/09/2015;BANDEJAS;1
24/09/2015;BANDEJAS;2
24/09/2015;MUFAS PUP;1
24/09/2015;MUFAS PUP;1
24/09/2015;BANDEJAS;2
24/09/2015;MUFAS PUP;1
24/09/2015;BANDEJAS;4
24/09/2015;BANDEJAS;4
24/09/2015;MUFAS PUP;1
25/09/2015;BANDEJAS;4
25/09/2015;CRUCETAS;1
25/09/2015;MUFAS PUP;1
25/09/2015;MUFAS PUP;1
25/09/2015;BANDEJAS;4
25/09/2015;MUFAS PUP;4
25/09/2015;BANDEJAS;16
25/09/2015;MUFAS PUP;1
25/09/2015;BANDEJAS;1
25/09/2015;MUFAS PUP;2
25/09/2015;BANDEJAS;4
25/09/2015;MUFAS PUP;1
25/09/2015;BANDEJAS;2
25/09/2015;FIBRA OPTICA DE 48 HILOS;95
25/09/2015;FIBRA OPTICA DE 48 HILOS;167
26/09/2015;MUFAS PUP;2
26/09/2015;BANDEJAS;8
26/09/2015;MUFAS PUP;1
26/09/2015;BANDEJAS;4
26/09/2015;FIBRA OPTICA DE 48 HILOS;110
26/09/2015;BANDEJAS;4
27/09/2015;MUFAS PUP;2
27/09/2015;BANDEJAS;8
27/09/2015;BANDEJAS;4
27/09/2015;FIBRA OPTICA DE 48 HILOS;249
28/09/2015;MUFAS PUP;1
28/09/2015;BANDEJAS;4
28/09/2015;BANDEJAS;1
29/09/2015;MUFAS PUP;1
29/09/2015;BANDEJAS;4
29/09/2015;BANDEJAS;8
30/09/2015;CRUCETAS;2
30/09/2015;MUFAS PUP;2
30/09/2015;BANDEJAS;8
30/09/2015;FIBRA OPTICA DE 48 HILOS;555
30/09/2015;MUFAS PUP;2
30/09/2015;MUFAS PUP;2
30/09/2015;BANDEJAS;12
1/10/2015;MUFAS PUP;2
1/10/2015;BANDEJAS;2
1/10/2015;BANDEJAS;2
1/10/2015;FIBRA OPTICA DE 48 HILOS;153
2/10/2015;BANDEJAS;4
2/10/2015;MUFAS PUP;1
2/10/2015;MUFAS PUP;2
2/10/2015;BANDEJAS;8
2/10/2015;BANDEJAS;2
3/10/2015;MUFAS PUP;1
3/10/2015;BANDEJAS;4
3/10/2015;MUFAS PUP;1
3/10/2015;BANDEJAS;4
3/10/2015;FIBRA OPTICA DE 48 HILOS;149
3/10/2015;MUFAS PUP;2
3/10/2015;BANDEJAS;8
4/10/2015;MUFAS PUP;1
4/10/2015;BANDEJAS;2
4/10/2015;MUFAS PUP;1
4/10/2015;BANDEJAS;4
4/10/2015;BANDEJAS;1
5/10/2015;MUFAS PUP;1
5/10/2015;BANDEJAS;1
5/10/2015;FIBRA OPTICA DE 48 HILOS;74
6/10/2015;MUFAS PUP;1
6/10/2015;BANDEJAS;4
6/10/2015;BANDEJAS;2
6/10/2015;MUFAS PUP;2
6/10/2015;CRUCETAS;1
6/10/2015;BANDEJAS;4
6/10/2015;MUFAS PUP;1
6/10/2015;MUFAS PUP;1
6/10/2015;MUFAS PUP;1
6/10/2015;BANDEJAS;1
6/10/2015;MUFAS PUP;1
6/10/2015;BANDEJAS;2
6/10/2015;BANDEJAS;2
9/10/2015;MUFAS PUP;2
9/10/2015;BANDEJAS;16
9/10/2015;FIBRA OPTICA DE 48 HILOS;120
9/10/2015;CRUCETAS;1
9/10/2015;MUFAS PUP;5
9/10/2015;BANDEJAS;11
9/10/2015;CRUCETAS;3
9/10/2015;BANDEJAS;2
10/10/2015;MUFAS PUP;2
10/10/2015;BANDEJAS;8
10/10/2015;MUFAS PUP;1
10/10/2015;BANDEJAS;4
10/10/2015;BANDEJAS;2
12/10/2015;MUFAS PUP;1
12/10/2015;BANDEJAS;4
13/10/2015;MUFAS PUP;1
13/10/2015;BANDEJAS;2
14/10/2015;BANDEJAS;2
15/10/2015;MUFAS PUP;1
15/10/2015;BANDEJAS;4
15/10/2015;FIBRA OPTICA DE 48 HILOS;558
15/10/2015;MUFAS PUP;1
15/10/2015;BANDEJAS;1
15/10/2015;BANDEJAS;8
15/10/2015;MUFAS PUP;2
15/10/2015;FIBRA OPTICA DE 48 HILOS;315
15/10/2015;BANDEJAS;1
16/10/2015;BANDEJAS;12
16/10/2015;FIBRA OPTICA DE 48 HILOS;495
16/10/2015;MUFAS PUP;3
16/10/2015;MUFAS PUP;1
16/10/2015;BANDEJAS;5
16/10/2015;BANDEJAS;2
17/10/2015;MUFAS PUP;2
17/10/2015;BANDEJAS;8
17/10/2015;FIBRA OPTICA DE 48 HILOS;231
17/10/2015;MUFAS PUP;2
17/10/2015;BANDEJAS;8
17/10/2015;BANDEJAS;1
20/10/2015;BANDEJAS;1
21/10/2015;BANDEJAS;1
22/10/2015;MUFAS PUP;1
22/10/2015;BANDEJAS;4
22/10/2015;FIBRA OPTICA DE 48 HILOS;312
22/10/2015;BANDEJAS;2
23/10/2015;MUFAS PUP;1
23/10/2015;BANDEJAS;2
24/10/2015;MUFAS PUP;1
24/10/2015;BANDEJAS;1
24/10/2015;MUFAS PUP;1
24/10/2015;BANDEJAS;4
24/10/2015;BANDEJAS;2
24/10/2015;MUFAS PUP;1
24/10/2015;FIBRA OPTICA DE 48 HILOS;220
25/10/2015;MUFAS PUP;1
25/10/2015;BANDEJAS;4
26/10/2015;FIBRA OPTICA DE 48 HILOS;172
26/10/2015;BANDEJAS;8
26/10/2015;MUFAS PUP;2
26/10/2015;BANDEJAS;1
28/10/2015;CRUCETAS;1
30/10/2015;BANDEJAS;8
30/10/2015;MUFAS PUP;2
30/10/2015;BANDEJAS;8
30/10/2015;BANDEJAS;1
30/10/2015;FIBRA OPTICA DE 48 HILOS;176
30/10/2015;FIBRA OPTICA DE 48 HILOS;304
30/10/2015;MUFAS PUP;2
30/10/2015;BANDEJAS;8
30/10/2015;CRUCETAS;2
30/10/2015;FIBRA OPTICA DE 48 HILOS;176
30/10/2015;FIBRA OPTICA DE 48 HILOS;304
31/10/2015;BANDEJAS;3
31/10/2015;BANDEJAS;2
31/10/2015;BANDEJAS;1
1/11/2015;MUFAS PUP;1
1/11/2015;BANDEJAS;4
1/11/2015;MUFAS PUP;1
1/11/2015;BANDEJAS;2
2/11/2015;FIBRA OPTICA DE 48 HILOS;250
2/11/2015;BANDEJAS;2
2/11/2015;BANDEJAS;2
2/11/2015;BANDEJAS;2
2/11/2015;BANDEJAS;2
2/11/2015;MUFAS PUP;1
2/11/2015;BANDEJAS;1
3/11/2015;MUFAS PUP;1
3/11/2015;BANDEJAS;4
3/11/2015;FIBRA OPTICA DE 48 HILOS;250
3/11/2015;BANDEJAS;4
3/11/2015;MUFAS PUP;2
3/11/2015;BANDEJAS;8
3/11/2015;BANDEJAS;1
3/11/2015;BANDEJAS;2
3/11/2015;FIBRA OPTICA DE 48 HILOS;310
3/11/2015;BANDEJAS;2
3/11/2015;BANDEJAS;2
3/11/2015;BANDEJAS;8
3/11/2015;FIBRA OPTICA DE 48 HILOS;150
4/11/2015;BANDEJAS;1
4/11/2015;BANDEJAS;2
5/11/2015;MUFAS PUP;1
5/11/2015;BANDEJAS;4
5/11/2015;FIBRA OPTICA DE 48 HILOS;406
5/11/2015;BANDEJAS;2
6/11/2015;BANDEJAS;2
6/11/2015;BANDEJAS;1
6/11/2015;MUFAS PUP;1
6/11/2015;BANDEJAS;4
7/11/2015;BANDEJAS;1
7/11/2015;FIBRA OPTICA DE 48 HILOS;110
7/11/2015;MUFAS PUP;2
7/11/2015;BANDEJAS;8
8/11/2015;BANDEJAS;2
9/11/2015;BANDEJAS;2
9/11/2015;BANDEJAS;4
9/11/2015;MUFAS PUP;2
9/11/2015;BANDEJAS;8
9/11/2015;BANDEJAS;2
9/11/2015;FIBRA OPTICA DE 48 HILOS;147
9/11/2015;BANDEJAS;1
9/11/2015;BANDEJAS;2
9/11/2015;BANDEJAS;1
9/11/2015;FIBRA OPTICA DE 48 HILOS;105
10/11/2015;MUFAS PUP;1
10/11/2015;BANDEJAS;2
10/11/2015;BANDEJAS;8
10/11/2015;BANDEJAS;8
10/11/2015;FIBRA OPTICA DE 48 HILOS;160
10/11/2015;BANDEJAS;2
10/11/2015;MUFAS PUP;2
11/11/2015;MUFAS PUP;1
11/11/2015;BANDEJAS;3
11/11/2015;BANDEJAS;1
12/11/2015;FIBRA OPTICA DE 48 HILOS;250
12/11/2015;MUFAS PUP;2
12/11/2015;BANDEJAS;8
12/11/2015;BANDEJAS;2
13/11/2015;BANDEJAS;2
13/11/2015;BANDEJAS;2
13/11/2015;BANDEJAS;2
14/11/2015;BANDEJAS;2
14/11/2015;MUFAS PUP;2
14/11/2015;BANDEJAS;8
14/11/2015;FIBRA OPTICA DE 48 HILOS;90
14/11/2015;CRUCETAS;2
15/11/2015;BANDEJAS;2
16/11/2015;BANDEJAS;4
16/11/2015;MUFAS PUP;1
16/11/2015;MUFAS PUP;1
16/11/2015;BANDEJAS;3
16/11/2015;BANDEJAS;5
16/11/2015;BANDEJAS;2
16/11/2015;BANDEJAS;1
16/11/2015;BANDEJAS;2
16/11/2015;FIBRA OPTICA DE 48 HILOS;120
17/11/2015;FIBRA OPTICA DE 48 HILOS;250
17/11/2015;MUFAS PUP;2
17/11/2015;BANDEJAS;8
17/11/2015;BANDEJAS;1
17/11/2015;BANDEJAS;2
17/11/2015;BANDEJAS;2
17/11/2015;BANDEJAS;1
17/11/2015;FIBRA OPTICA DE 48 HILOS;100
18/11/2015;BANDEJAS;2
18/11/2015;MUFAS PUP;1
18/11/2015;BANDEJAS;2
18/11/2015;BANDEJAS;1
19/11/2015;FIBRA OPTICA DE 48 HILOS;33
19/11/2015;BANDEJAS;1
20/11/2015;BANDEJAS;4
20/11/2015;MUFAS PUP;1
20/11/2015;MUFAS PUP;1
20/11/2015;BANDEJAS;4
20/11/2015;BANDEJAS;2
20/11/2015;BANDEJAS;2
20/11/2015;BANDEJAS;2
20/11/2015;BANDEJAS;1
21/11/2015;MUFAS PUP;1
21/11/2015;BANDEJAS;4
21/11/2015;BANDEJAS;1
21/11/2015;FIBRA OPTICA DE 48 HILOS;109
21/11/2015;BANDEJAS;1
22/11/2015;MUFAS PUP;1
22/11/2015;BANDEJAS;4
22/11/2015;BANDEJAS;1
23/11/2015;BANDEJAS;1
23/11/2015;BANDEJAS;1
23/11/2015;BANDEJAS;1
23/11/2015;BANDEJAS;1
23/11/2015;BANDEJAS;2
23/11/2015;BANDEJAS;1
23/11/2015;BANDEJAS;1
24/11/2015;BANDEJAS;1
25/11/2015;BANDEJAS;2
25/11/2015;MUFAS PUP;1
26/11/2015;FIBRA OPTICA DE 48 HILOS;1221
26/11/2015;MUFAS PUP;1
26/11/2015;BANDEJAS;4
26/11/2015;BANDEJAS;1
26/11/2015;BANDEJAS;3
26/11/2015;BANDEJAS;1
26/11/2015;MUFAS PUP;1
26/11/2015;BANDEJAS;2
27/11/2015;BANDEJAS;1
27/11/2015;MUFAS PUP;1
27/11/2015;BANDEJAS;2
27/11/2015;BANDEJAS;8
27/11/2015;FIBRA OPTICA DE 48 HILOS;300
27/11/2015;FIBRA OPTICA DE 48 HILOS;500
27/11/2015;MUFAS PUP;2
27/11/2015;BANDEJAS;8
27/11/2015;FIBRA OPTICA DE 48 HILOS;300
27/11/2015;CRUCETAS;2
28/11/2015;BANDEJAS;1
29/11/2015;MUFAS PUP;2
29/11/2015;FIBRA OPTICA DE 48 HILOS;338
29/11/2015;BANDEJAS;2
29/11/2015;FIBRA OPTICA DE 48 HILOS;346
29/11/2015;BANDEJAS;2
30/11/2015;BANDEJAS;1
30/11/2015;MUFAS PUP;1
30/11/2015;BANDEJAS;2
30/11/2015;BANDEJAS;2
30/11/2015;BANDEJAS;1
30/11/2015;BANDEJAS;1
30/11/2015;BANDEJAS;1
1/12/2015;BANDEJAS;2
1/12/2015;FIBRA OPTICA DE 48 HILOS;780
1/12/2015;FIBRA OPTICA DE 48 HILOS;750
1/12/2015;BANDEJAS;2
1/12/2015;FIBRA OPTICA DE 48 HILOS;236
1/12/2015;BANDEJAS;1
1/12/2015;BANDEJAS;2
1/12/2015;MUFAS PUP;1
1/12/2015;BANDEJAS;4
2/12/2015;BANDEJAS;2
2/12/2015;BANDEJAS;2
2/12/2015;FIBRA OPTICA DE 48 HILOS;203
2/12/2015;BANDEJAS;4
2/12/2015;FIBRA OPTICA DE 48 HILOS;352
3/12/2015;BANDEJAS;2
3/12/2015;BANDEJAS;2
3/12/2015;BANDEJAS;3
4/12/2015;BANDEJAS;1
4/12/2015;BANDEJAS;1
4/12/2015;BANDEJAS;1
5/12/2015;BANDEJAS;2
6/12/2015;MUFAS PUP;2
6/12/2015;BANDEJAS;4
7/12/2015;MUFAS PUP;1
7/12/2015;BANDEJAS;1
7/12/2015;BANDEJAS;2
8/12/2015;BANDEJAS;4
8/12/2015;MUFAS PUP;1
8/12/2015;MUFAS PUP;1
8/12/2015;BANDEJAS;4
9/12/2015;BANDEJAS;2
9/12/2015;BANDEJAS;1
10/12/2015;BANDEJAS;1
10/12/2015;BANDEJAS;2
10/12/2015;BANDEJAS;1
10/12/2015;BANDEJAS;1
10/12/2015;BANDEJAS;1
11/12/2015;BANDEJAS;1
13/12/2015;BANDEJAS;2
14/12/2015;MUFAS PUP;1
14/12/2015;BANDEJAS;4
14/12/2015;FIBRA OPTICA DE 48 HILOS;240
14/12/2015;FIBRA OPTICA DE 48 HILOS;300
15/12/2015;MUFAS PUP;1
15/12/2015;MUFAS PUP;2
15/12/2015;BANDEJAS;8
15/12/2015;BANDEJAS;2
15/12/2015;BANDEJAS;1
15/12/2015;BANDEJAS;8
15/12/2015;BANDEJAS;2
15/12/2015;FIBRA OPTICA DE 48 HILOS;300
15/12/2015;FIBRA OPTICA DE 48 HILOS;300
16/12/2015;MUFAS PUP;1
16/12/2015;BANDEJAS;2
17/12/2015;BANDEJAS;1
18/12/2015;FIBRA OPTICA DE 48 HILOS;1000
18/12/2015;BANDEJAS;4
19/12/2015;FIBRA OPTICA DE 48 HILOS;300
19/12/2015;BANDEJAS;2
19/12/2015;FIBRA OPTICA DE 48 HILOS;137
19/12/2015;BANDEJAS;2
20/12/2015;BANDEJAS;4
20/12/2015;MUFAS PUP;1
20/12/2015;BANDEJAS;2
20/12/2015;MUFAS PUP;2
20/12/2015;BANDEJAS;8
20/12/2015;FIBRA OPTICA DE 48 HILOS;157
21/12/2015;BANDEJAS;2
21/12/2015;FIBRA OPTICA DE 48 HILOS;300
21/12/2015;BANDEJAS;1
21/12/2015;BANDEJAS;2
21/12/2015;BANDEJAS;2
21/12/2015;BANDEJAS;2
21/12/2015;BANDEJAS;1
21/12/2015;BANDEJAS;2
22/12/2015;MUFAS PUP;1
22/12/2015;BANDEJAS;4
22/12/2015;BANDEJAS;1
22/12/2015;BANDEJAS;1
23/12/2015;BANDEJAS;2
23/12/2015;BANDEJAS;2
23/12/2015;FIBRA OPTICA DE 48 HILOS;163
24/12/2015;BANDEJAS;2
25/12/2015;BANDEJAS;3
26/12/2015;FIBRA OPTICA DE 48 HILOS;389
26/12/2015;MUFAS PUP;1
26/12/2015;BANDEJAS;4
26/12/2015;MUFAS PUP;1
26/12/2015;BANDEJAS;4
28/12/2015;BANDEJAS;1
28/12/2015;BANDEJAS;2
29/12/2015;BANDEJAS;2
30/12/2015;MUFAS PUP;2
30/12/2015;BANDEJAS;8
30/12/2015;BANDEJAS;2
31/12/2015;BANDEJAS;2
31/12/2015;BANDEJAS;1
31/12/2015;FIBRA OPTICA DE 48 HILOS;210
31/12/2015;MUFAS PUP;2
31/12/2015;BANDEJAS;2
31/12/2015;BANDEJAS;1
1/01/2016;MUFAS PUP;1
1/01/2016;BANDEJAS;4
1/01/2016;BANDEJAS;2
1/01/2016;FIBRA OPTICA DE 48 HILOS;137
4/01/2016;BANDEJAS;2
4/01/2016;BANDEJAS;1
4/01/2016;BANDEJAS;2
5/01/2016;BANDEJAS;2
5/01/2016;BANDEJAS;2
5/01/2016;BANDEJAS;1
5/01/2016;BANDEJAS;1
5/01/2016;BANDEJAS;1
6/01/2016;BANDEJAS;2
6/01/2016;BANDEJAS;2
6/01/2016;BANDEJAS;2
6/01/2016;BANDEJAS;2
7/01/2016;BANDEJAS;1
7/01/2016;BANDEJAS;1
8/01/2016;BANDEJAS;1
8/01/2016;CRUCETAS;2
8/01/2016;CRUCETAS;1
9/01/2016;FIBRA OPTICA DE 48 HILOS;830
9/01/2016;MUFAS PUP;2
9/01/2016;BANDEJAS;8
10/01/2016;BANDEJAS;2
11/01/2016;BANDEJAS;1
11/01/2016;MUFAS PUP;1
11/01/2016;BANDEJAS;2
11/01/2016;BANDEJAS;2
11/01/2016;FIBRA OPTICA DE 48 HILOS;207
11/01/2016;BANDEJAS;2
11/01/2016;MUFAS PUP;1
11/01/2016;BANDEJAS;2
11/01/2016;FIBRA OPTICA DE 48 HILOS;200
12/01/2016;BANDEJAS;2
12/01/2016;BANDEJAS;2
13/01/2016;MUFAS PUP;1
13/01/2016;BANDEJAS;3
13/01/2016;BANDEJAS;2
13/01/2016;BANDEJAS;1
13/01/2016;BANDEJAS;1
13/01/2016;BANDEJAS;1
14/01/2016;BANDEJAS;8
14/01/2016;FIBRA OPTICA DE 48 HILOS;210
14/01/2016;MUFAS PUP;1
14/01/2016;BANDEJAS;4
14/01/2016;MUFAS PUP;1
14/01/2016;BANDEJAS;4
14/01/2016;BANDEJAS;4
15/01/2016;MUFAS PUP;1
15/01/2016;BANDEJAS;4
15/01/2016;FIBRA OPTICA DE 48 HILOS;95
15/01/2016;MUFAS PUP;2
15/01/2016;BANDEJAS;8
15/01/2016;BANDEJAS;2
15/01/2016;MUFAS PUP;1
15/01/2016;BANDEJAS;4
16/01/2016;BANDEJAS;1
16/01/2016;BANDEJAS;2
17/01/2016;MUFAS PUP;4
17/01/2016;BANDEJAS;9
17/01/2016;FIBRA OPTICA DE 48 HILOS;250
17/01/2016;MUFAS PUP;2
17/01/2016;BANDEJAS;8
17/01/2016;FIBRA OPTICA DE 48 HILOS;200
17/01/2016;BANDEJAS;7
18/01/2016;BANDEJAS;2
18/01/2016;BANDEJAS;1
18/01/2016;BANDEJAS;2
19/01/2016;CRUCETAS;1
19/01/2016;BANDEJAS;4
19/01/2016;MUFAS PUP;1
20/01/2016;BANDEJAS;2
20/01/2016;MUFAS PUP;1
20/01/2016;BANDEJAS;6
20/01/2016;FIBRA OPTICA DE 48 HILOS;500
20/01/2016;CRUCETAS;1
20/01/2016;MUFAS PUP;1
20/01/2016;BANDEJAS;4
20/01/2016;BANDEJAS;2
20/01/2016;FIBRA OPTICA DE 48 HILOS;108
20/01/2016;MUFAS PUP;2
20/01/2016;BANDEJAS;2
21/01/2016;BANDEJAS;1
21/01/2016;MUFAS PUP;1
21/01/2016;BANDEJAS;1
21/01/2016;MUFAS PUP;1
21/01/2016;BANDEJAS;2
21/01/2016;BANDEJAS;1
21/01/2016;BANDEJAS;2
22/01/2016;BANDEJAS;4
22/01/2016;MUFAS PUP;1
22/01/2016;BANDEJAS;8
22/01/2016;MUFAS PUP;1
22/01/2016;BANDEJAS;2
24/01/2016;MUFAS PUP;1
24/01/2016;FIBRA OPTICA DE 48 HILOS;300
24/01/2016;BANDEJAS;1
24/01/2016;BANDEJAS;1
25/01/2016;BANDEJAS;2
25/01/2016;BANDEJAS;2
25/01/2016;BANDEJAS;1
25/01/2016;BANDEJAS;1
25/01/2016;MUFAS PUP;1
25/01/2016;BANDEJAS;1
26/01/2016;MUFAS PUP;1
26/01/2016;BANDEJAS;4
26/01/2016;FIBRA OPTICA DE 48 HILOS;500
26/01/2016;BANDEJAS;4
26/01/2016;MUFAS PUP;2
27/01/2016;BANDEJAS;2
27/01/2016;FIBRA OPTICA DE 48 HILOS;1000
27/01/2016;BANDEJAS;1
27/01/2016;BANDEJAS;1
27/01/2016;BANDEJAS;1
28/01/2016;BANDEJAS;1
28/01/2016;BANDEJAS;1
28/01/2016;BANDEJAS;1
28/01/2016;BANDEJAS;1
28/01/2016;BANDEJAS;1
28/01/2016;BANDEJAS;1
28/01/2016;BANDEJAS;1
28/01/2016;BANDEJAS;4
29/01/2016;BANDEJAS;3
30/01/2016;MUFAS PUP;1
30/01/2016;BANDEJAS;3
31/01/2016;MUFAS PUP;1
31/01/2016;BANDEJAS;4
1/02/2016;BANDEJAS;1
1/02/2016;MUFAS PUP;1
1/02/2016;BANDEJAS;4
1/02/2016;BANDEJAS;1
1/02/2016;MUFAS PUP;1
1/02/2016;BANDEJAS;1
1/02/2016;BANDEJAS;8
1/02/2016;FIBRA OPTICA DE 48 HILOS;109
1/02/2016;BANDEJAS;2
2/02/2016;FIBRA OPTICA DE 48 HILOS;500
2/02/2016;BANDEJAS;2
3/02/2016;FIBRA OPTICA DE 48 HILOS;300
3/02/2016;MUFAS PUP;1
3/02/2016;BANDEJAS;4
3/02/2016;BANDEJAS;1
4/02/2016;MUFAS PUP;1
4/02/2016;BANDEJAS;4
4/02/2016;BANDEJAS;2
4/02/2016;FIBRA OPTICA DE 48 HILOS;200
4/02/2016;BANDEJAS;1
4/02/2016;BANDEJAS;2
4/02/2016;BANDEJAS;1
5/02/2016;FIBRA OPTICA DE 48 HILOS;264
5/02/2016;MUFAS PUP;1
5/02/2016;BANDEJAS;4
5/02/2016;BANDEJAS;2
5/02/2016;MUFAS PUP;1
5/02/2016;FIBRA OPTICA DE 48 HILOS;171
5/02/2016;BANDEJAS;4
5/02/2016;BANDEJAS;1
5/02/2016;BANDEJAS;1
6/02/2016;BANDEJAS;4
6/02/2016;FIBRA OPTICA DE 48 HILOS;220
8/02/2016;BANDEJAS;2
8/02/2016;MUFAS PUP;1
8/02/2016;BANDEJAS;4
8/02/2016;BANDEJAS;1
10/02/2016;MUFAS PUP;1
10/02/2016;BANDEJAS;8
10/02/2016;FIBRA OPTICA DE 48 HILOS;111
10/02/2016;MUFAS PUP;1
10/02/2016;MUFAS PUP;1
10/02/2016;BANDEJAS;4
10/02/2016;FIBRA OPTICA DE 48 HILOS;241
10/02/2016;MUFAS PUP;1
10/02/2016;BANDEJAS;1
10/02/2016;FIBRA OPTICA DE 48 HILOS;104
10/02/2016;MUFAS PUP;2
10/02/2016;BANDEJAS;8
10/02/2016;BANDEJAS;2
10/02/2016;BANDEJAS;1
10/02/2016;FIBRA OPTICA DE 48 HILOS;114
11/02/2016;BANDEJAS;2
11/02/2016;MUFAS PUP;1
11/02/2016;BANDEJAS;4
11/02/2016;FIBRA OPTICA DE 48 HILOS;750
11/02/2016;BANDEJAS;3
11/02/2016;BANDEJAS;1
11/02/2016;BANDEJAS;2
11/02/2016;BANDEJAS;1
11/02/2016;BANDEJAS;2
12/02/2016;BANDEJAS;2
12/02/2016;MUFAS PUP;1
12/02/2016;BANDEJAS;1
12/02/2016;BANDEJAS;2
12/02/2016;BANDEJAS;2
13/02/2016;BANDEJAS;8
13/02/2016;MUFAS PUP;2
13/02/2016;CRUCETAS;1
13/02/2016;FIBRA OPTICA DE 48 HILOS;300
15/02/2016;MUFAS PUP;1
15/02/2016;BANDEJAS;4
15/02/2016;MUFAS PUP;2
15/02/2016;BANDEJAS;4
15/02/2016;BANDEJAS;2
15/02/2016;BANDEJAS;2
15/02/2016;BANDEJAS;1
16/02/2016;FIBRA OPTICA DE 48 HILOS;100
16/02/2016;BANDEJAS;2
16/02/2016;BANDEJAS;10
16/02/2016;FIBRA OPTICA DE 48 HILOS;225
16/02/2016;MUFAS PUP;1
16/02/2016;MUFAS PUP;1
16/02/2016;BANDEJAS;4
16/02/2016;BANDEJAS;1
16/02/2016;BANDEJAS;1
16/02/2016;BANDEJAS;1
16/02/2016;BANDEJAS;2
17/02/2016;MUFAS PUP;1
17/02/2016;BANDEJAS;1
17/02/2016;MUFAS PUP;1
17/02/2016;BANDEJAS;3
17/02/2016;BANDEJAS;1
18/02/2016;BANDEJAS;1
18/02/2016;MUFAS PUP;1
18/02/2016;BANDEJAS;4
18/02/2016;FIBRA OPTICA DE 48 HILOS;350
18/02/2016;BANDEJAS;1
18/02/2016;BANDEJAS;1
18/02/2016;FIBRA OPTICA DE 48 HILOS;300
18/02/2016;MUFAS PUP;1
18/02/2016;BANDEJAS;2
18/02/2016;BANDEJAS;1
19/02/2016;FIBRA OPTICA DE 48 HILOS;580
19/02/2016;MUFAS PUP;1
19/02/2016;BANDEJAS;4
19/02/2016;BANDEJAS;4
19/02/2016;FIBRA OPTICA DE 48 HILOS;150
19/02/2016;BANDEJAS;1
19/02/2016;BANDEJAS;1
20/02/2016;MUFAS PUP;1
20/02/2016;BANDEJAS;4
20/02/2016;BANDEJAS;1
21/02/2016;BANDEJAS;8
21/02/2016;FIBRA OPTICA DE 48 HILOS;180
22/02/2016;BANDEJAS;1
22/02/2016;BANDEJAS;2
22/02/2016;BANDEJAS;1
22/02/2016;BANDEJAS;2
22/02/2016;BANDEJAS;1
23/02/2016;BANDEJAS;2
23/02/2016;BANDEJAS;2
23/02/2016;BANDEJAS;1
23/02/2016;BANDEJAS;2
23/02/2016;MUFAS PUP;2
23/02/2016;BANDEJAS;8
24/02/2016;FIBRA OPTICA DE 48 HILOS;500
24/02/2016;BANDEJAS;2
25/02/2016;BANDEJAS;7
25/02/2016;FIBRA OPTICA DE 48 HILOS;277
25/02/2016;MUFAS PUP;2
25/02/2016;MUFAS PUP;1
25/02/2016;BANDEJAS;4
25/02/2016;FIBRA OPTICA DE 48 HILOS;1040
26/02/2016;FIBRA OPTICA DE 48 HILOS;450
26/02/2016;BANDEJAS;1
26/02/2016;BANDEJAS;2
26/02/2016;BANDEJAS;2
26/02/2016;BANDEJAS;2
27/02/2016;CRUCETAS;1
27/02/2016;MUFAS PUP;1
27/02/2016;BANDEJAS;2
27/02/2016;BANDEJAS;1
27/02/2016;MUFAS PUP;2
28/02/2016;BANDEJAS;2
28/02/2016;BANDEJAS;2
28/02/2016;BANDEJAS;1
28/02/2016;BANDEJAS;1
28/02/2016;BANDEJAS;2
29/02/2016;BANDEJAS;2
29/02/2016;FIBRA OPTICA DE 48 HILOS;500
29/02/2016;MUFAS PUP;3
29/02/2016;BANDEJAS;12
29/02/2016;BANDEJAS;1
1/03/2016;MUFAS PUP;1
1/03/2016;BANDEJAS;4
1/03/2016;MUFAS PUP;1
1/03/2016;BANDEJAS;4
1/03/2016;BANDEJAS;2
1/03/2016;BANDEJAS;2
1/03/2016;MUFAS PUP;1
2/03/2016;BANDEJAS;1
2/03/2016;BANDEJAS;1
2/03/2016;CRUCETAS;4
2/03/2016;BANDEJAS;2
2/03/2016;FIBRA OPTICA DE 48 HILOS;135
2/03/2016;BANDEJAS;10
2/03/2016;MUFAS PUP;2
3/03/2016;BANDEJAS;2
4/03/2016;MUFAS PUP;1
4/03/2016;BANDEJAS;2
4/03/2016;MUFAS PUP;1
4/03/2016;BANDEJAS;4
4/03/2016;BANDEJAS;2
6/03/2016;BANDEJAS;2
6/03/2016;BANDEJAS;1
6/03/2016;BANDEJAS;1
6/03/2016;BANDEJAS;2
6/03/2016;BANDEJAS;1
7/03/2016;BANDEJAS;2
7/03/2016;BANDEJAS;2
7/03/2016;BANDEJAS;2
7/03/2016;BANDEJAS;1
7/03/2016;BANDEJAS;2
8/03/2016;BANDEJAS;1
8/03/2016;BANDEJAS;4
9/03/2016;BANDEJAS;2
9/03/2016;BANDEJAS;4
10/03/2016;FIBRA OPTICA DE 48 HILOS;200
10/03/2016;MUFAS PUP;1
10/03/2016;BANDEJAS;1
10/03/2016;FIBRA OPTICA DE 48 HILOS;950
10/03/2016;BANDEJAS;1
10/03/2016;BANDEJAS;2
11/03/2016;BANDEJAS;1
12/03/2016;FIBRA OPTICA DE 48 HILOS;90
12/03/2016;MUFAS PUP;2
12/03/2016;BANDEJAS;8
12/03/2016;MUFAS PUP;1
12/03/2016;BANDEJAS;1
13/03/2016;BANDEJAS;1
14/03/2016;MUFAS PUP;1
14/03/2016;BANDEJAS;1
14/03/2016;BANDEJAS;1
14/03/2016;BANDEJAS;1
14/03/2016;MUFAS PUP;1
14/03/2016;BANDEJAS;4
15/03/2016;BANDEJAS;2
15/03/2016;BANDEJAS;1
16/03/2016;BANDEJAS;1
16/03/2016;BANDEJAS;1
16/03/2016;BANDEJAS;1
17/03/2016;MUFAS PUP;1
17/03/2016;BANDEJAS;8
17/03/2016;FIBRA OPTICA DE 48 HILOS;300
17/03/2016;FIBRA OPTICA DE 48 HILOS;111
17/03/2016;BANDEJAS;4
17/03/2016;BANDEJAS;2
17/03/2016;BANDEJAS;1
17/03/2016;BANDEJAS;1
17/03/2016;BANDEJAS;1
17/03/2016;BANDEJAS;2
18/03/2016;BANDEJAS;2
18/03/2016;BANDEJAS;2
18/03/2016;BANDEJAS;1
18/03/2016;BANDEJAS;2
18/03/2016;MUFAS PUP;2
18/03/2016;BANDEJAS;8
19/03/2016;BANDEJAS;2
19/03/2016;MUFAS PUP;1
19/03/2016;BANDEJAS;4
20/03/2016;BANDEJAS;8
20/03/2016;FIBRA OPTICA DE 48 HILOS;138
20/03/2016;CRUCETAS;2
20/03/2016;MUFAS PUP;1
20/03/2016;MUFAS PUP;1
20/03/2016;FIBRA OPTICA DE 48 HILOS;158
20/03/2016;MUFAS PUP;2
20/03/2016;BANDEJAS;8
20/03/2016;BANDEJAS;2
20/03/2016;MUFAS PUP;1
21/03/2016;BANDEJAS;2
21/03/2016;BANDEJAS;1
21/03/2016;BANDEJAS;2
21/03/2016;BANDEJAS;2
21/03/2016;BANDEJAS;2
22/03/2016;MUFAS PUP;1
22/03/2016;BANDEJAS;4
22/03/2016;MUFAS PUP;1
22/03/2016;BANDEJAS;4
23/03/2016;BANDEJAS;2
23/03/2016;BANDEJAS;2
23/03/2016;BANDEJAS;1
23/03/2016;BANDEJAS;1
24/03/2016;MUFAS PUP;1
24/03/2016;BANDEJAS;4
24/03/2016;BANDEJAS;2
24/03/2016;BANDEJAS;2
25/03/2016;FIBRA OPTICA DE 48 HILOS;350
25/03/2016;MUFAS PUP;2
25/03/2016;BANDEJAS;8
25/03/2016;MUFAS PUP;1
25/03/2016;BANDEJAS;4
27/03/2016;BANDEJAS;2
27/03/2016;FIBRA OPTICA DE 48 HILOS;100
27/03/2016;BANDEJAS;1
28/03/2016;BANDEJAS;2
28/03/2016;BANDEJAS;1
28/03/2016;BANDEJAS;1
29/03/2016;BANDEJAS;2
29/03/2016;BANDEJAS;2
29/03/2016;BANDEJAS;1
29/03/2016;BANDEJAS;1
30/03/2016;BANDEJAS;2
30/03/2016;FIBRA OPTICA DE 48 HILOS;100
30/03/2016;MUFAS PUP;2
30/03/2016;BANDEJAS;8
30/03/2016;BANDEJAS;1
30/03/2016;BANDEJAS;1
31/03/2016;BANDEJAS;1
31/03/2016;BANDEJAS;2
31/03/2016;BANDEJAS;3
31/03/2016;BANDEJAS;2
1/04/2016;BANDEJAS;2
1/04/2016;BANDEJAS;2
1/04/2016;BANDEJAS;2
2/04/2016;BANDEJAS;1
2/04/2016;BANDEJAS;2
2/04/2016;FIBRA OPTICA DE 48 HILOS;110
2/04/2016;MUFAS PUP;2
2/04/2016;BANDEJAS;8
3/04/2016;MUFAS PUP;2
3/04/2016;BANDEJAS;8
3/04/2016;FIBRA OPTICA DE 48 HILOS;197
3/04/2016;BANDEJAS;1
4/04/2016;MUFAS PUP;1
4/04/2016;BANDEJAS;2
4/04/2016;FIBRA OPTICA DE 48 HILOS;100
4/04/2016;MUFAS PUP;2
4/04/2016;BANDEJAS;8
4/04/2016;BANDEJAS;2
4/04/2016;BANDEJAS;1
4/04/2016;BANDEJAS;2
5/04/2016;FIBRA OPTICA DE 48 HILOS;100
5/04/2016;BANDEJAS;2
6/04/2016;MUFAS PUP;1
6/04/2016;BANDEJAS;3
6/04/2016;BANDEJAS;2
7/04/2016;FIBRA OPTICA DE 48 HILOS;542
7/04/2016;BANDEJAS;1
8/04/2016;BANDEJAS;2
8/04/2016;BANDEJAS;1
8/04/2016;MUFAS PUP;1
8/04/2016;BANDEJAS;4
9/04/2016;BANDEJAS;2
9/04/2016;BANDEJAS;1
10/04/2016;BANDEJAS;1
10/04/2016;BANDEJAS;2
10/04/2016;MUFAS PUP;1
10/04/2016;BANDEJAS;1
10/04/2016;MUFAS PUP;3
10/04/2016;BANDEJAS;12
10/04/2016;BANDEJAS;2
11/04/2016;BANDEJAS;2
11/04/2016;MUFAS PUP;1
11/04/2016;BANDEJAS;4
11/04/2016;BANDEJAS;1
11/04/2016;CRUCETAS;2
11/04/2016;BANDEJAS;1
11/04/2016;BANDEJAS;1
11/04/2016;BANDEJAS;1
11/04/2016;BANDEJAS;2
11/04/2016;BANDEJAS;2
11/04/2016;BANDEJAS;2
12/04/2016;BANDEJAS;2
12/04/2016;BANDEJAS;2
13/04/2016;FIBRA OPTICA DE 48 HILOS;248
13/04/2016;BANDEJAS;2
13/04/2016;BANDEJAS;2
14/04/2016;FIBRA OPTICA DE 48 HILOS;1300
14/04/2016;FIBRA OPTICA DE 48 HILOS;174
14/04/2016;BANDEJAS;4
14/04/2016;MUFAS PUP;1
14/04/2016;FIBRA OPTICA DE 48 HILOS;174
14/04/2016;MUFAS PUP;1
14/04/2016;MUFAS PUP;2
14/04/2016;BANDEJAS;2
14/04/2016;FIBRA OPTICA DE 48 HILOS;350
14/04/2016;BANDEJAS;2
15/04/2016;MUFAS PUP;1
15/04/2016;BANDEJAS;4
15/04/2016;BANDEJAS;2
15/04/2016;CRUCETAS;2
15/04/2016;BANDEJAS;2
15/04/2016;CRUCETAS;2
15/04/2016;MUFAS PUP;2
15/04/2016;BANDEJAS;8
15/04/2016;BANDEJAS;2
16/04/2016;MUFAS PUP;1
16/04/2016;BANDEJAS;3
16/04/2016;BANDEJAS;4
17/04/2016;BANDEJAS;1
17/04/2016;MUFAS PUP;4
17/04/2016;BANDEJAS;16
17/04/2016;FIBRA OPTICA DE 48 HILOS;300
17/04/2016;BANDEJAS;2
18/04/2016;MUFAS PUP;1
18/04/2016;BANDEJAS;4
18/04/2016;MUFAS PUP;1
18/04/2016;BANDEJAS;4
18/04/2016;BANDEJAS;2
18/04/2016;BANDEJAS;2
19/04/2016;BANDEJAS;1
19/04/2016;BANDEJAS;2
19/04/2016;FIBRA OPTICA DE 48 HILOS;112
19/04/2016;BANDEJAS;3
19/04/2016;BANDEJAS;1
20/04/2016;MUFAS PUP;1
20/04/2016;BANDEJAS;4
20/04/2016;BANDEJAS;1
20/04/2016;BANDEJAS;1
21/04/2016;BANDEJAS;2
21/04/2016;FIBRA OPTICA DE 48 HILOS;141
21/04/2016;MUFAS PUP;1
21/04/2016;MUFAS PUP;1
21/04/2016;BANDEJAS;4
21/04/2016;BANDEJAS;2
22/04/2016;MUFAS PUP;1
22/04/2016;BANDEJAS;1
22/04/2016;BANDEJAS;2
22/04/2016;MUFAS PUP;2
22/04/2016;BANDEJAS;8
22/04/2016;FIBRA OPTICA DE 48 HILOS;500
22/04/2016;BANDEJAS;2
22/04/2016;BANDEJAS;1
22/04/2016;MUFAS PUP;1
22/04/2016;BANDEJAS;4
22/04/2016;MUFAS PUP;1
22/04/2016;BANDEJAS;1
22/04/2016;BANDEJAS;1
22/04/2016;CRUCETAS;1
22/04/2016;BANDEJAS;8
23/04/2016;FIBRA OPTICA DE 48 HILOS;128
23/04/2016;BANDEJAS;2
23/04/2016;CRUCETAS;1
23/04/2016;MUFAS PUP;1
23/04/2016;BANDEJAS;4
24/04/2016;FIBRA OPTICA DE 48 HILOS;600
24/04/2016;BANDEJAS;2
25/04/2016;MUFAS PUP;2
25/04/2016;BANDEJAS;8
25/04/2016;MUFAS PUP;1
25/04/2016;BANDEJAS;1
25/04/2016;BANDEJAS;2
25/04/2016;BANDEJAS;2
25/04/2016;BANDEJAS;2
25/04/2016;BANDEJAS;2
26/04/2016;BANDEJAS;2
26/04/2016;FIBRA OPTICA DE 48 HILOS;175
26/04/2016;BANDEJAS;4
26/04/2016;MUFAS PUP;1
26/04/2016;FIBRA OPTICA DE 48 HILOS;248
26/04/2016;MUFAS PUP;2
26/04/2016;BANDEJAS;2
26/04/2016;BANDEJAS;8
26/04/2016;BANDEJAS;2
26/04/2016;CRUCETAS;2
26/04/2016;BANDEJAS;2
26/04/2016;BANDEJAS;1
27/04/2016;BANDEJAS;1
27/04/2016;MUFAS PUP;1
27/04/2016;BANDEJAS;4
27/04/2016;BANDEJAS;2
27/04/2016;BANDEJAS;2
27/04/2016;BANDEJAS;2
28/04/2016;BANDEJAS;2
29/04/2016;MUFAS PUP;2
29/04/2016;BANDEJAS;4
29/04/2016;BANDEJAS;2
30/04/2016;BANDEJAS;4
30/04/2016;MUFAS PUP;1
2/05/2016;BANDEJAS;2
3/05/2016;FIBRA OPTICA DE 48 HILOS;115
3/05/2016;BANDEJAS;8
3/05/2016;MUFAS PUP;2
3/05/2016;FIBRA OPTICA DE 48 HILOS;288
3/05/2016;MUFAS PUP;1
3/05/2016;BANDEJAS;4
3/05/2016;BANDEJAS;4
3/05/2016;FIBRA OPTICA DE 48 HILOS;291
3/05/2016;MUFAS PUP;2
3/05/2016;BANDEJAS;7
3/05/2016;BANDEJAS;2
3/05/2016;FIBRA OPTICA DE 48 HILOS;300
3/05/2016;MUFAS PUP;2
3/05/2016;BANDEJAS;8
3/05/2016;BANDEJAS;2
3/05/2016;BANDEJAS;1
3/05/2016;BANDEJAS;1
3/05/2016;BANDEJAS;2
3/05/2016;BANDEJAS;2
3/05/2016;BANDEJAS;2
3/05/2016;BANDEJAS;1
4/05/2016;BANDEJAS;2
4/05/2016;BANDEJAS;1
4/05/2016;BANDEJAS;1
5/05/2016;FIBRA OPTICA DE 48 HILOS;188
5/05/2016;MUFAS PUP;2
5/05/2016;BANDEJAS;2
5/05/2016;MUFAS PUP;1
5/05/2016;BANDEJAS;1
5/05/2016;BANDEJAS;2
6/05/2016;BANDEJAS;2
7/05/2016;FIBRA OPTICA DE 48 HILOS;350
7/05/2016;MUFAS PUP;2
7/05/2016;BANDEJAS;8
7/05/2016;BANDEJAS;2
9/05/2016;BANDEJAS;2
10/05/2016;BANDEJAS;2
10/05/2016;BANDEJAS;2
10/05/2016;MUFAS PUP;1
10/05/2016;BANDEJAS;4
10/05/2016;BANDEJAS;2
10/05/2016;BANDEJAS;4
10/05/2016;BANDEJAS;1
10/05/2016;BANDEJAS;2
11/05/2016;MUFAS PUP;1
11/05/2016;BANDEJAS;4
11/05/2016;BANDEJAS;2
11/05/2016;BANDEJAS;2
12/05/2016;MUFAS PUP;1
12/05/2016;BANDEJAS;5
12/05/2016;BANDEJAS;2
12/05/2016;BANDEJAS;2
12/05/2016;BANDEJAS;2
12/05/2016;BANDEJAS;1
12/05/2016;BANDEJAS;1
13/05/2016;BANDEJAS;2
13/05/2016;BANDEJAS;2
15/05/2016;BANDEJAS;1
16/05/2016;FIBRA OPTICA DE 48 HILOS;350
16/05/2016;MUFAS PUP;2
16/05/2016;BANDEJAS;8
16/05/2016;MUFAS PUP;1
16/05/2016;BANDEJAS;4
16/05/2016;BANDEJAS;1
16/05/2016;BANDEJAS;1
16/05/2016;FIBRA OPTICA DE 48 HILOS;250
16/05/2016;MUFAS PUP;1
16/05/2016;BANDEJAS;4
17/05/2016;BANDEJAS;4
17/05/2016;MUFAS PUP;1
17/05/2016;FIBRA OPTICA DE 48 HILOS;250
17/05/2016;BANDEJAS;2
17/05/2016;BANDEJAS;3
17/05/2016;BANDEJAS;2
18/05/2016;BANDEJAS;2
19/05/2016;FIBRA OPTICA DE 48 HILOS;106
19/05/2016;BANDEJAS;4
19/05/2016;CRUCETAS;2
19/05/2016;MUFAS PUP;2
19/05/2016;BANDEJAS;4
20/05/2016;BANDEJAS;2
20/05/2016;BANDEJAS;2
20/05/2016;BANDEJAS;2
21/05/2016;BANDEJAS;1
21/05/2016;BANDEJAS;4
22/05/2016;BANDEJAS;2
22/05/2016;MUFAS PUP;1
22/05/2016;BANDEJAS;4
23/05/2016;MUFAS PUP;1
23/05/2016;BANDEJAS;5
23/05/2016;BANDEJAS;1
23/05/2016;BANDEJAS;1
23/05/2016;BANDEJAS;2
23/05/2016;BANDEJAS;2
23/05/2016;FIBRA OPTICA DE 48 HILOS;349
23/05/2016;MUFAS PUP;1
23/05/2016;BANDEJAS;3
24/05/2016;MUFAS PUP;1
24/05/2016;BANDEJAS;4
24/05/2016;BANDEJAS;2
25/05/2016;MUFAS PUP;1
25/05/2016;BANDEJAS;4
25/05/2016;BANDEJAS;1
25/05/2016;BANDEJAS;1
26/05/2016;MUFAS PUP;1
26/05/2016;MUFAS PUP;1
26/05/2016;BANDEJAS;5
26/05/2016;MUFAS PUP;1
26/05/2016;BANDEJAS;4
26/05/2016;BANDEJAS;2
26/05/2016;BANDEJAS;2
26/05/2016;BANDEJAS;2
26/05/2016;BANDEJAS;2
27/05/2016;FIBRA OPTICA DE 48 HILOS;340
27/05/2016;MUFAS PUP;2
27/05/2016;BANDEJAS;8
27/05/2016;MUFAS PUP;1
27/05/2016;BANDEJAS;3
27/05/2016;BANDEJAS;2
27/05/2016;MUFAS PUP;1
27/05/2016;BANDEJAS;2
27/05/2016;FIBRA OPTICA DE 48 HILOS;300
27/05/2016;MUFAS PUP;1
27/05/2016;BANDEJAS;1
27/05/2016;FIBRA OPTICA DE 48 HILOS;300
27/05/2016;MUFAS PUP;1
27/05/2016;BANDEJAS;4
28/05/2016;BANDEJAS;1
28/05/2016;BANDEJAS;1
30/05/2016;FIBRA OPTICA DE 48 HILOS;2253
30/05/2016;MUFAS PUP;24
30/05/2016;BANDEJAS;81
30/05/2016;BANDEJAS;2
31/05/2016;BANDEJAS;1
31/05/2016;BANDEJAS;2
31/05/2016;FIBRA OPTICA DE 48 HILOS;399
1/06/2016;FIBRA OPTICA DE 48 HILOS;200
1/06/2016;MUFAS PUP;2
1/06/2016;BANDEJAS;8
1/06/2016;BANDEJAS;1
2/06/2016;FIBRA OPTICA DE 48 HILOS;135
2/06/2016;MUFAS PUP;2
2/06/2016;BANDEJAS;8
3/06/2016;BANDEJAS;4
3/06/2016;MUFAS PUP;1
3/06/2016;FIBRA OPTICA DE 48 HILOS;357
3/06/2016;BANDEJAS;1
3/06/2016;BANDEJAS;2
4/06/2016;MUFAS PUP;1
4/06/2016;BANDEJAS;4
5/06/2016;MUFAS PUP;1
5/06/2016;BANDEJAS;4
5/06/2016;MUFAS PUP;1
5/06/2016;BANDEJAS;4
6/06/2016;FIBRA OPTICA DE 48 HILOS;290
6/06/2016;MUFAS PUP;1
6/06/2016;BANDEJAS;4
6/06/2016;BANDEJAS;2
6/06/2016;BANDEJAS;2
6/06/2016;BANDEJAS;1
6/06/2016;BANDEJAS;1
7/06/2016;BANDEJAS;1
7/06/2016;BANDEJAS;2
7/06/2016;MUFAS PUP;1
7/06/2016;BANDEJAS;1
8/06/2016;MUFAS PUP;2
8/06/2016;BANDEJAS;2
8/06/2016;BANDEJAS;1
8/06/2016;BANDEJAS;1
8/06/2016;BANDEJAS;1
9/06/2016;BANDEJAS;1
9/06/2016;BANDEJAS;3
10/06/2016;BANDEJAS;1
10/06/2016;FIBRA OPTICA DE 48 HILOS;250
10/06/2016;MUFAS PUP;2
10/06/2016;BANDEJAS;8
10/06/2016;MUFAS PUP;1
10/06/2016;BANDEJAS;4
10/06/2016;FIBRA OPTICA DE 48 HILOS;160
10/06/2016;FIBRA OPTICA DE 48 HILOS;168
10/06/2016;MUFAS PUP;1
10/06/2016;MUFAS PUP;1
10/06/2016;FIBRA OPTICA DE 48 HILOS;174
10/06/2016;MUFAS PUP;2
10/06/2016;BANDEJAS;8
10/06/2016;BANDEJAS;8
10/06/2016;BANDEJAS;2
10/06/2016;BANDEJAS;2
11/06/2016;MUFAS PUP;1
11/06/2016;BANDEJAS;4
11/06/2016;MUFAS PUP;1
11/06/2016;BANDEJAS;4
11/06/2016;MUFAS PUP;1
11/06/2016;BANDEJAS;4
11/06/2016;FIBRA OPTICA DE 48 HILOS;80
11/06/2016;MUFAS PUP;1
11/06/2016;BANDEJAS;1
11/06/2016;BANDEJAS;1
12/06/2016;MUFAS PUP;1
12/06/2016;MUFAS PUP;2
12/06/2016;BANDEJAS;4
12/06/2016;FIBRA OPTICA DE 48 HILOS;300
12/06/2016;MUFAS PUP;4
12/06/2016;BANDEJAS;16
12/06/2016;BANDEJAS;1
13/06/2016;MUFAS PUP;1
13/06/2016;BANDEJAS;4
13/06/2016;BANDEJAS;2
13/06/2016;BANDEJAS;2
14/06/2016;BANDEJAS;8
14/06/2016;MUFAS PUP;2
14/06/2016;BANDEJAS;4
14/06/2016;MUFAS PUP;1
14/06/2016;BANDEJAS;2
14/06/2016;BANDEJAS;2
14/06/2016;BANDEJAS;2
15/06/2016;MUFAS PUP;1
15/06/2016;BANDEJAS;2
16/06/2016;BANDEJAS;1
17/06/2016;BANDEJAS;2
17/06/2016;FIBRA OPTICA DE 48 HILOS;309
17/06/2016;MUFAS PUP;1
17/06/2016;BANDEJAS;4
18/06/2016;BANDEJAS;1
18/06/2016;BANDEJAS;2
19/06/2016;FIBRA OPTICA DE 48 HILOS;144
19/06/2016;BANDEJAS;8
19/06/2016;MUFAS PUP;1
19/06/2016;MUFAS PUP;1
19/06/2016;BANDEJAS;2
19/06/2016;BANDEJAS;2
20/06/2016;BANDEJAS;1
20/06/2016;FIBRA OPTICA DE 48 HILOS;153
20/06/2016;MUFAS PUP;2
20/06/2016;BANDEJAS;8
20/06/2016;MUFAS PUP;1
20/06/2016;BANDEJAS;4
20/06/2016;BANDEJAS;2
20/06/2016;BANDEJAS;2
21/06/2016;MUFAS PUP;1
21/06/2016;BANDEJAS;4
21/06/2016;MUFAS PUP;1
21/06/2016;BANDEJAS;4
21/06/2016;MUFAS PUP;2
21/06/2016;BANDEJAS;8
21/06/2016;BANDEJAS;2
22/06/2016;FIBRA OPTICA DE 48 HILOS;200
22/06/2016;MUFAS PUP;1
22/06/2016;BANDEJAS;4
22/06/2016;BANDEJAS;2
23/06/2016;BANDEJAS;1
23/06/2016;BANDEJAS;3
23/06/2016;CRUCETAS;1
23/06/2016;BANDEJAS;2
23/06/2016;BANDEJAS;1
25/06/2016;BANDEJAS;1
26/06/2016;BANDEJAS;1
27/06/2016;BANDEJAS;2
27/06/2016;BANDEJAS;2
27/06/2016;BANDEJAS;2
28/06/2016;MUFAS PUP;2
28/06/2016;BANDEJAS;2
28/06/2016;MUFAS PUP;1
28/06/2016;BANDEJAS;4
29/06/2016;MUFAS PUP;1
29/06/2016;BANDEJAS;2
29/06/2016;BANDEJAS;4
30/06/2016;BANDEJAS;1
30/06/2016;BANDEJAS;1
30/06/2016;FIBRA OPTICA DE 48 HILOS;128
30/06/2016;MUFAS PUP;2
30/06/2016;BANDEJAS;8
30/06/2016;CRUCETAS;1
30/06/2016;MUFAS PUP;2
30/06/2016;BANDEJAS;8
1/07/2016;MUFAS PUP;1
1/07/2016;BANDEJAS;4
1/07/2016;BANDEJAS;2
2/07/2016;MUFAS PUP;1
2/07/2016;BANDEJAS;6
3/07/2016;FIBRA OPTICA DE 48 HILOS;204
3/07/2016;MUFAS PUP;4
3/07/2016;BANDEJAS;18
4/07/2016;MUFAS PUP;1
4/07/2016;BANDEJAS;4
4/07/2016;BANDEJAS;1
4/07/2016;BANDEJAS;2
5/07/2016;BANDEJAS;2
5/07/2016;MUFAS PUP;2
5/07/2016;BANDEJAS;8
5/07/2016;BANDEJAS;1
5/07/2016;BANDEJAS;2
6/07/2016;BANDEJAS;2
6/07/2016;BANDEJAS;2
7/07/2016;MUFAS PUP;2
7/07/2016;BANDEJAS;2
7/07/2016;BANDEJAS;2
7/07/2016;MUFAS PUP;1
7/07/2016;BANDEJAS;3
7/07/2016;BANDEJAS;1
8/07/2016;MUFAS PUP;1
8/07/2016;BANDEJAS;4
8/07/2016;BANDEJAS;1
9/07/2016;BANDEJAS;2
10/07/2016;BANDEJAS;2
11/07/2016;MUFAS PUP;1
11/07/2016;BANDEJAS;4
11/07/2016;MUFAS PUP;1
11/07/2016;BANDEJAS;2
11/07/2016;BANDEJAS;1
11/07/2016;BANDEJAS;1
12/07/2016;BANDEJAS;1
12/07/2016;MUFAS PUP;1
12/07/2016;BANDEJAS;1
12/07/2016;BANDEJAS;2
12/07/2016;FIBRA OPTICA DE 48 HILOS;175
12/07/2016;MUFAS PUP;2
12/07/2016;BANDEJAS;8
12/07/2016;MUFAS PUP;1
12/07/2016;BANDEJAS;2
12/07/2016;MUFAS PUP;1
12/07/2016;BANDEJAS;4
12/07/2016;BANDEJAS;2
12/07/2016;BANDEJAS;2
13/07/2016;MUFAS PUP;1
13/07/2016;BANDEJAS;4
13/07/2016;BANDEJAS;2
13/07/2016;BANDEJAS;1
13/07/2016;MUFAS PUP;1
13/07/2016;BANDEJAS;4
14/07/2016;MUFAS PUP;1
14/07/2016;BANDEJAS;4
14/07/2016;BANDEJAS;1
14/07/2016;MUFAS PUP;1
14/07/2016;BANDEJAS;4
15/07/2016;MUFAS PUP;1
15/07/2016;BANDEJAS;4
15/07/2016;BANDEJAS;2
15/07/2016;BANDEJAS;2
16/07/2016;FIBRA OPTICA DE 48 HILOS;147
16/07/2016;MUFAS PUP;2
16/07/2016;BANDEJAS;8
16/07/2016;BANDEJAS;2
17/07/2016;FIBRA OPTICA DE 48 HILOS;360
17/07/2016;MUFAS PUP;2
17/07/2016;BANDEJAS;8
17/07/2016;MUFAS PUP;1
17/07/2016;BANDEJAS;4
18/07/2016;BANDEJAS;2
18/07/2016;BANDEJAS;2
18/07/2016;BANDEJAS;1
18/07/2016;BANDEJAS;1
19/07/2016;FIBRA OPTICA DE 48 HILOS;212
19/07/2016;MUFAS PUP;2
19/07/2016;BANDEJAS;8
19/07/2016;BANDEJAS;2
19/07/2016;BANDEJAS;2
19/07/2016;MUFAS PUP;2
19/07/2016;BANDEJAS;8
19/07/2016;BANDEJAS;2
19/07/2016;BANDEJAS;2
20/07/2016;FIBRA OPTICA DE 48 HILOS;112
20/07/2016;MUFAS PUP;2
20/07/2016;BANDEJAS;8
20/07/2016;BANDEJAS;8
20/07/2016;MUFAS PUP;2
20/07/2016;BANDEJAS;8
20/07/2016;BANDEJAS;1
21/07/2016;FIBRA OPTICA DE 48 HILOS;145
21/07/2016;MUFAS PUP;2
21/07/2016;BANDEJAS;2
21/07/2016;BANDEJAS;2
22/07/2016;FIBRA OPTICA DE 48 HILOS;149
22/07/2016;MUFAS PUP;2
22/07/2016;BANDEJAS;8
22/07/2016;BANDEJAS;1
22/07/2016;BANDEJAS;2
22/07/2016;BANDEJAS;1
23/07/2016;MUFAS PUP;1
23/07/2016;BANDEJAS;5
23/07/2016;BANDEJAS;1
23/07/2016;BANDEJAS;1
24/07/2016;MUFAS PUP;1
24/07/2016;BANDEJAS;4
24/07/2016;FIBRA OPTICA DE 48 HILOS;77
24/07/2016;MUFAS PUP;2
24/07/2016;BANDEJAS;8
25/07/2016;BANDEJAS;2
25/07/2016;BANDEJAS;2
25/07/2016;BANDEJAS;2
25/07/2016;BANDEJAS;2
25/07/2016;BANDEJAS;2
25/07/2016;BANDEJAS;1
25/07/2016;BANDEJAS;1
25/07/2016;BANDEJAS;1
25/07/2016;BANDEJAS;1
25/07/2016;CRUCETAS;2
26/07/2016;BANDEJAS;1
26/07/2016;MUFAS PUP;1
26/07/2016;BANDEJAS;4
26/07/2016;BANDEJAS;1
26/07/2016;FIBRA OPTICA DE 48 HILOS;300
26/07/2016;BANDEJAS;8
26/07/2016;MUFAS PUP;2
26/07/2016;BANDEJAS;2
27/07/2016;CRUCETAS;1
27/07/2016;BANDEJAS;1
27/07/2016;BANDEJAS;2
28/07/2016;BANDEJAS;1
28/07/2016;MUFAS PUP;1
28/07/2016;BANDEJAS;4
28/07/2016;BANDEJAS;1
28/07/2016;BANDEJAS;1
29/07/2016;BANDEJAS;1
30/07/2016;MUFAS PUP;1
30/07/2016;BANDEJAS;4
30/07/2016;BANDEJAS;2
31/07/2016;FIBRA OPTICA DE 48 HILOS;550
31/07/2016;FIBRA OPTICA DE 48 HILOS;131
31/07/2016;MUFAS PUP;2
31/07/2016;BANDEJAS;8
1/08/2016;BANDEJAS;2
1/08/2016;BANDEJAS;2
1/08/2016;BANDEJAS;2
2/08/2016;MUFAS PUP;1
2/08/2016;BANDEJAS;4
3/08/2016;BANDEJAS;1
3/08/2016;BANDEJAS;2
3/08/2016;BANDEJAS;2
3/08/2016;BANDEJAS;1
4/08/2016;BANDEJAS;1
4/08/2016;MUFAS PUP;1
4/08/2016;BANDEJAS;2
4/08/2016;BANDEJAS;2
4/08/2016;MUFAS PUP;3
4/08/2016;BANDEJAS;12
5/08/2016;BANDEJAS;1
5/08/2016;BANDEJAS;2
6/08/2016;BANDEJAS;1
8/08/2016;MUFAS PUP;1
8/08/2016;BANDEJAS;4
8/08/2016;BANDEJAS;2
9/08/2016;BANDEJAS;2
9/08/2016;BANDEJAS;2
9/08/2016;BANDEJAS;1
9/08/2016;BANDEJAS;2
9/08/2016;BANDEJAS;2
9/08/2016;MUFAS PUP;2
9/08/2016;BANDEJAS;8
9/08/2016;FIBRA OPTICA DE 48 HILOS;200
9/08/2016;CRUCETAS;2
10/08/2016;BANDEJAS;2
10/08/2016;MUFAS PUP;1
10/08/2016;BANDEJAS;4
10/08/2016;BANDEJAS;2
10/08/2016;BANDEJAS;2
11/08/2016;BANDEJAS;1
11/08/2016;BANDEJAS;2
12/08/2016;FIBRA OPTICA DE 48 HILOS;244
12/08/2016;MUFAS PUP;2
12/08/2016;BANDEJAS;12
12/08/2016;BANDEJAS;1
12/08/2016;BANDEJAS;1
14/08/2016;BANDEJAS;2
15/08/2016;BANDEJAS;1
15/08/2016;FIBRA OPTICA DE 48 HILOS;101
15/08/2016;MUFAS PUP;1
15/08/2016;BANDEJAS;7
15/08/2016;FIBRA OPTICA DE 48 HILOS;151
15/08/2016;BANDEJAS;2
16/08/2016;MUFAS PUP;1
16/08/2016;BANDEJAS;4
16/08/2016;BANDEJAS;1
16/08/2016;BANDEJAS;2
17/08/2016;BANDEJAS;2
17/08/2016;BANDEJAS;2
17/08/2016;BANDEJAS;4
17/08/2016;MUFAS PUP;1
17/08/2016;BANDEJAS;1
17/08/2016;FIBRA OPTICA DE 48 HILOS;158
17/08/2016;BANDEJAS;8
17/08/2016;MUFAS PUP;2
18/08/2016;FIBRA OPTICA DE 48 HILOS;149
18/08/2016;MUFAS PUP;2
18/08/2016;BANDEJAS;8
18/08/2016;FIBRA OPTICA DE 48 HILOS;90
18/08/2016;MUFAS PUP;1
18/08/2016;BANDEJAS;2
18/08/2016;BANDEJAS;2
18/08/2016;BANDEJAS;1
18/08/2016;BANDEJAS;4
18/08/2016;MUFAS PUP;1
19/08/2016;BANDEJAS;2
19/08/2016;BANDEJAS;1
20/08/2016;BANDEJAS;1
20/08/2016;MUFAS PUP;1
20/08/2016;BANDEJAS;3
21/08/2016;BANDEJAS;4
21/08/2016;CRUCETAS;1
21/08/2016;BANDEJAS;2
22/08/2016;BANDEJAS;1
22/08/2016;MUFAS PUP;2
22/08/2016;BANDEJAS;8
22/08/2016;CRUCETAS;2
22/08/2016;FIBRA OPTICA DE 48 HILOS;150
22/08/2016;BANDEJAS;4
22/08/2016;MUFAS PUP;1
23/08/2016;BANDEJAS;4
23/08/2016;MUFAS PUP;1
23/08/2016;BANDEJAS;1
23/08/2016;BANDEJAS;2
23/08/2016;BANDEJAS;2
23/08/2016;BANDEJAS;2
24/08/2016;MUFAS PUP;1
24/08/2016;BANDEJAS;3
24/08/2016;MUFAS PUP;1
24/08/2016;BANDEJAS;4
24/08/2016;BANDEJAS;1
24/08/2016;BANDEJAS;2
24/08/2016;BANDEJAS;2
25/08/2016;CRUCETAS;1
25/08/2016;BANDEJAS;4
25/08/2016;MUFAS PUP;1
25/08/2016;BANDEJAS;4
25/08/2016;MUFAS PUP;1
25/08/2016;BANDEJAS;1
25/08/2016;BANDEJAS;2
25/08/2016;BANDEJAS;1
25/08/2016;BANDEJAS;2
25/08/2016;BANDEJAS;1
25/08/2016;BANDEJAS;1
29/08/2016;BANDEJAS;1
29/08/2016;BANDEJAS;4
29/08/2016;MUFAS PUP;1
30/08/2016;FIBRA OPTICA DE 48 HILOS;118
30/08/2016;MUFAS PUP;2
30/08/2016;BANDEJAS;8
30/08/2016;MUFAS PUP;1
30/08/2016;BANDEJAS;4
30/08/2016;MUFAS PUP;1
30/08/2016;BANDEJAS;2
30/08/2016;FIBRA OPTICA DE 48 HILOS;134
30/08/2016;BANDEJAS;1
30/08/2016;BANDEJAS;2
30/08/2016;BANDEJAS;2
31/08/2016;FIBRA OPTICA DE 48 HILOS;164
31/08/2016;MUFAS PUP;4
31/08/2016;BANDEJAS;16
31/08/2016;BANDEJAS;1
1/09/2016;MUFAS PUP;1
1/09/2016;BANDEJAS;4
1/09/2016;CRUCETAS;2
1/09/2016;BANDEJAS;8
1/09/2016;MUFAS PUP;2
1/09/2016;CRUCETAS;2
1/09/2016;BANDEJAS;8
1/09/2016;MUFAS PUP;2
1/09/2016;FIBRA OPTICA DE 48 HILOS;193
1/09/2016;MUFAS PUP;1
1/09/2016;BANDEJAS;4
1/09/2016;BANDEJAS;1
1/09/2016;BANDEJAS;1
1/09/2016;BANDEJAS;1
1/09/2016;MUFAS PUP;1
1/09/2016;MUFAS PUP;1
2/09/2016;BANDEJAS;2
3/09/2016;CRUCETAS;1
3/09/2016;BANDEJAS;1
3/09/2016;BANDEJAS;1
3/09/2016;BANDEJAS;4
3/09/2016;BANDEJAS;1
3/09/2016;BANDEJAS;1
3/09/2016;BANDEJAS;1
5/09/2016;BANDEJAS;4
6/09/2016;BANDEJAS;1
6/09/2016;FIBRA OPTICA DE 48 HILOS;90
6/09/2016;MUFAS PUP;2
6/09/2016;BANDEJAS;8
6/09/2016;FIBRA OPTICA DE 48 HILOS;180
6/09/2016;BANDEJAS;4
7/09/2016;BANDEJAS;2
7/09/2016;BANDEJAS;2
7/09/2016;BANDEJAS;1
7/09/2016;BANDEJAS;2
8/09/2016;FIBRA OPTICA DE 48 HILOS;103
8/09/2016;BANDEJAS;2
8/09/2016;FIBRA OPTICA DE 48 HILOS;107
8/09/2016;MUFAS PUP;2
8/09/2016;BANDEJAS;8
8/09/2016;MUFAS PUP;1
8/09/2016;BANDEJAS;3
8/09/2016;BANDEJAS;1
9/09/2016;BANDEJAS;1
9/09/2016;BANDEJAS;4
9/09/2016;MUFAS PUP;1
11/09/2016;BANDEJAS;1
12/09/2016;MUFAS PUP;1
12/09/2016;BANDEJAS;4
12/09/2016;MUFAS PUP;1
12/09/2016;BANDEJAS;4
12/09/2016;FIBRA OPTICA DE 48 HILOS;182
12/09/2016;FIBRA OPTICA DE 48 HILOS;1200
12/09/2016;BANDEJAS;1
13/09/2016;BANDEJAS;1
13/09/2016;FIBRA OPTICA DE 48 HILOS;327
13/09/2016;BANDEJAS;2
13/09/2016;BANDEJAS;1
14/09/2016;BANDEJAS;1
14/09/2016;BANDEJAS;1
14/09/2016;BANDEJAS;2
15/09/2016;MUFAS PUP;2
15/09/2016;BANDEJAS;8
15/09/2016;BANDEJAS;1
15/09/2016;FIBRA OPTICA DE 48 HILOS;190
15/09/2016;BANDEJAS;2
15/09/2016;BANDEJAS;1
16/09/2016;MUFAS PUP;1
16/09/2016;BANDEJAS;4
16/09/2016;BANDEJAS;2
16/09/2016;MUFAS PUP;1
16/09/2016;BANDEJAS;1
17/09/2016;BANDEJAS;2
17/09/2016;BANDEJAS;2
17/09/2016;BANDEJAS;2
18/09/2016;BANDEJAS;1
19/09/2016;BANDEJAS;2
19/09/2016;BANDEJAS;2
20/09/2016;MUFAS PUP;1
20/09/2016;BANDEJAS;5
20/09/2016;MUFAS PUP;1
20/09/2016;BANDEJAS;2
21/09/2016;MUFAS PUP;1
21/09/2016;BANDEJAS;4
21/09/2016;BANDEJAS;1
21/09/2016;BANDEJAS;1
22/09/2016;MUFAS PUP;2
22/09/2016;BANDEJAS;8
22/09/2016;FIBRA OPTICA DE 48 HILOS;300
22/09/2016;CRUCETAS;2
22/09/2016;BANDEJAS;1
23/09/2016;CRUCETAS;2
23/09/2016;BANDEJAS;5
23/09/2016;MUFAS PUP;1
23/09/2016;FIBRA OPTICA DE 48 HILOS;98
23/09/2016;MUFAS PUP;2
23/09/2016;BANDEJAS;8
23/09/2016;BANDEJAS;2
24/09/2016;CRUCETAS;1
24/09/2016;FIBRA OPTICA DE 48 HILOS;1000
24/09/2016;MUFAS PUP;1
24/09/2016;BANDEJAS;4
24/09/2016;CRUCETAS;1
25/09/2016;BANDEJAS;1
27/09/2016;BANDEJAS;2
28/09/2016;BANDEJAS;1
28/09/2016;FIBRA OPTICA DE 48 HILOS;89
28/09/2016;BANDEJAS;4
29/09/2016;MUFAS PUP;1
29/09/2016;BANDEJAS;4
29/09/2016;MUFAS PUP;1
29/09/2016;BANDEJAS;4
30/09/2016;BANDEJAS;2
30/09/2016;BANDEJAS;2
30/09/2016;BANDEJAS;1
1/10/2016;BANDEJAS;1
1/10/2016;BANDEJAS;2
1/10/2016;BANDEJAS;2
1/10/2016;BANDEJAS;2
2/10/2016;FIBRA OPTICA DE 48 HILOS;123
2/10/2016;MUFAS PUP;2
2/10/2016;BANDEJAS;8
3/10/2016;BANDEJAS;2
3/10/2016;MUFAS PUP;1
3/10/2016;BANDEJAS;3
3/10/2016;BANDEJAS;1
3/10/2016;MUFAS PUP;1
3/10/2016;BANDEJAS;4
3/10/2016;MUFAS PUP;1
3/10/2016;BANDEJAS;3
4/10/2016;BANDEJAS;1
4/10/2016;FIBRA OPTICA DE 48 HILOS;78
4/10/2016;MUFAS PUP;2
4/10/2016;BANDEJAS;8
5/10/2016;BANDEJAS;2
5/10/2016;BANDEJAS;1
5/10/2016;BANDEJAS;2
6/10/2016;BANDEJAS;1
7/10/2016;BANDEJAS;1
7/10/2016;BANDEJAS;2
8/10/2016;BANDEJAS;1
9/10/2016;MUFAS PUP;1
9/10/2016;MUFAS PUP;1
9/10/2016;BANDEJAS;6
9/10/2016;FIBRA OPTICA DE 48 HILOS;310
10/10/2016;MUFAS PUP;1
10/10/2016;BANDEJAS;4
10/10/2016;MUFAS PUP;1
10/10/2016;BANDEJAS;10
10/10/2016;FIBRA OPTICA DE 48 HILOS;200
10/10/2016;MUFAS PUP;2
10/10/2016;BANDEJAS;1
10/10/2016;BANDEJAS;2
11/10/2016;BANDEJAS;2
11/10/2016;BANDEJAS;1
11/10/2016;BANDEJAS;2
12/10/2016;FIBRA OPTICA DE 48 HILOS;110
12/10/2016;MUFAS PUP;2
12/10/2016;BANDEJAS;4
12/10/2016;MUFAS PUP;1
12/10/2016;BANDEJAS;4
12/10/2016;MUFAS PUP;2
12/10/2016;BANDEJAS;8
12/10/2016;BANDEJAS;1
13/10/2016;BANDEJAS;2
13/10/2016;BANDEJAS;4
14/10/2016;FIBRA OPTICA DE 48 HILOS;336
14/10/2016;MUFAS PUP;1
14/10/2016;BANDEJAS;4
14/10/2016;CRUCETAS;1
14/10/2016;BANDEJAS;2
15/10/2016;BANDEJAS;2
15/10/2016;MUFAS PUP;1
15/10/2016;BANDEJAS;4
15/10/2016;BANDEJAS;1
16/10/2016;MUFAS PUP;1
16/10/2016;BANDEJAS;4
16/10/2016;BANDEJAS;1
17/10/2016;BANDEJAS;1
17/10/2016;BANDEJAS;1
17/10/2016;BANDEJAS;1
17/10/2016;BANDEJAS;2
18/10/2016;FIBRA OPTICA DE 48 HILOS;1027
18/10/2016;BANDEJAS;2
18/10/2016;MUFAS PUP;2
18/10/2016;BANDEJAS;8
18/10/2016;CRUCETAS;2
18/10/2016;MUFAS PUP;1
18/10/2016;BANDEJAS;4
18/10/2016;BANDEJAS;1
18/10/2016;BANDEJAS;2
19/10/2016;MUFAS PUP;1
19/10/2016;BANDEJAS;4
19/10/2016;BANDEJAS;1
19/10/2016;BANDEJAS;1
21/10/2016;BANDEJAS;1
21/10/2016;BANDEJAS;2
21/10/2016;BANDEJAS;1
21/10/2016;BANDEJAS;1
22/10/2016;BANDEJAS;4
22/10/2016;MUFAS PUP;1
22/10/2016;BANDEJAS;1
24/10/2016;BANDEJAS;2
24/10/2016;BANDEJAS;2
25/10/2016;BANDEJAS;1
25/10/2016;CRUCETAS;1
26/10/2016;BANDEJAS;2
26/10/2016;MUFAS PUP;1
26/10/2016;BANDEJAS;4
26/10/2016;BANDEJAS;2
26/10/2016;BANDEJAS;1
26/10/2016;BANDEJAS;1
27/10/2016;MUFAS PUP;1
27/10/2016;BANDEJAS;6
28/10/2016;MUFAS PUP;1
28/10/2016;BANDEJAS;2
28/10/2016;BANDEJAS;2
28/10/2016;BANDEJAS;1
31/10/2016;MUFAS PUP;1
31/10/2016;BANDEJAS;3
31/10/2016;BANDEJAS;2
31/10/2016;MUFAS PUP;1
31/10/2016;BANDEJAS;2
31/10/2016;FIBRA OPTICA DE 48 HILOS;182
31/10/2016;BANDEJAS;1
31/10/2016;BANDEJAS;1
31/10/2016;BANDEJAS;2
31/10/2016;BANDEJAS;1
1/11/2016;FIBRA OPTICA DE 48 HILOS;200
1/11/2016;BANDEJAS;8
1/11/2016;MUFAS PUP;2
1/11/2016;MUFAS PUP;1
1/11/2016;BANDEJAS;4
1/11/2016;BANDEJAS;4
1/11/2016;FIBRA OPTICA DE 48 HILOS;200
2/11/2016;BANDEJAS;2
2/11/2016;BANDEJAS;3
2/11/2016;MUFAS PUP;2
2/11/2016;BANDEJAS;8
2/11/2016;BANDEJAS;2
3/11/2016;MUFAS PUP;2
3/11/2016;BANDEJAS;4
3/11/2016;FIBRA OPTICA DE 48 HILOS;280
3/11/2016;BANDEJAS;2
4/11/2016;BANDEJAS;2
4/11/2016;FIBRA OPTICA DE 48 HILOS;140
4/11/2016;BANDEJAS;3
4/11/2016;BANDEJAS;1
5/11/2016;BANDEJAS;6
5/11/2016;FIBRA OPTICA DE 48 HILOS;340
5/11/2016;MUFAS PUP;1
7/11/2016;BANDEJAS;1
7/11/2016;FIBRA OPTICA DE 48 HILOS;100
7/11/2016;MUFAS PUP;2
7/11/2016;BANDEJAS;8
7/11/2016;BANDEJAS;1
8/11/2016;MUFAS PUP;1
8/11/2016;BANDEJAS;4
8/11/2016;MUFAS PUP;1
8/11/2016;BANDEJAS;1
8/11/2016;BANDEJAS;1
8/11/2016;MUFAS PUP;1
8/11/2016;BANDEJAS;4
9/11/2016;BANDEJAS;2
9/11/2016;BANDEJAS;2
9/11/2016;BANDEJAS;2
9/11/2016;BANDEJAS;2
10/11/2016;FIBRA OPTICA DE 48 HILOS;180
10/11/2016;MUFAS PUP;1
10/11/2016;BANDEJAS;4
10/11/2016;BANDEJAS;2
11/11/2016;BANDEJAS;2
11/11/2016;MUFAS PUP;2
11/11/2016;BANDEJAS;8
11/11/2016;FIBRA OPTICA DE 48 HILOS;500
11/11/2016;BANDEJAS;8
11/11/2016;FIBRA OPTICA DE 48 HILOS;300
11/11/2016;MUFAS PUP;2
12/11/2016;BANDEJAS;8
12/11/2016;FIBRA OPTICA DE 48 HILOS;200
12/11/2016;MUFAS PUP;1
12/11/2016;BANDEJAS;5
13/11/2016;FIBRA OPTICA DE 48 HILOS;139
13/11/2016;MUFAS PUP;1
13/11/2016;BANDEJAS;4
14/11/2016;MUFAS PUP;1
14/11/2016;BANDEJAS;1
14/11/2016;BANDEJAS;1
14/11/2016;BANDEJAS;2
15/11/2016;BANDEJAS;2
15/11/2016;FIBRA OPTICA DE 48 HILOS;99
16/11/2016;BANDEJAS;2
16/11/2016;BANDEJAS;4
16/11/2016;BANDEJAS;1
16/11/2016;MUFAS PUP;1
16/11/2016;BANDEJAS;4
17/11/2016;BANDEJAS;1
17/11/2016;MUFAS PUP;1
17/11/2016;MUFAS PUP;2
17/11/2016;BANDEJAS;2
18/11/2016;BANDEJAS;2
18/11/2016;MUFAS PUP;1
18/11/2016;BANDEJAS;4
19/11/2016;FIBRA OPTICA DE 48 HILOS;108
19/11/2016;MUFAS PUP;2
19/11/2016;BANDEJAS;8
20/11/2016;BANDEJAS;2
20/11/2016;FIBRA OPTICA DE 48 HILOS;300
20/11/2016;BANDEJAS;2
21/11/2016;FIBRA OPTICA DE 48 HILOS;131
21/11/2016;MUFAS PUP;2
21/11/2016;BANDEJAS;8
21/11/2016;BANDEJAS;1
22/11/2016;BANDEJAS;1
22/11/2016;BANDEJAS;1
23/11/2016;BANDEJAS;1
23/11/2016;FIBRA OPTICA DE 48 HILOS;170
23/11/2016;MUFAS PUP;1
23/11/2016;BANDEJAS;2
23/11/2016;BANDEJAS;2
24/11/2016;MUFAS PUP;1
24/11/2016;BANDEJAS;4
24/11/2016;FIBRA OPTICA DE 48 HILOS;258
24/11/2016;BANDEJAS;1
24/11/2016;FIBRA OPTICA DE 48 HILOS;153
24/11/2016;BANDEJAS;7
24/11/2016;MUFAS PUP;1
24/11/2016;CRUCETAS;1
25/11/2016;BANDEJAS;2
25/11/2016;FIBRA OPTICA DE 48 HILOS;227
25/11/2016;MUFAS PUP;4
25/11/2016;BANDEJAS;16
26/11/2016;MUFAS PUP;1
26/11/2016;BANDEJAS;1
26/11/2016;MUFAS PUP;1
26/11/2016;BANDEJAS;4
28/11/2016;MUFAS PUP;1
28/11/2016;BANDEJAS;4
29/11/2016;MUFAS PUP;1
29/11/2016;BANDEJAS;7
29/11/2016;MUFAS PUP;3
29/11/2016;BANDEJAS;12
29/11/2016;BANDEJAS;5
30/11/2016;BANDEJAS;1
30/11/2016;BANDEJAS;1
1/12/2016;BANDEJAS;4
1/12/2016;FIBRA OPTICA DE 48 HILOS;130
1/12/2016;MUFAS PUP;2
1/12/2016;BANDEJAS;4
1/12/2016;BANDEJAS;2
2/12/2016;MUFAS PUP;1
2/12/2016;BANDEJAS;4
2/12/2016;BANDEJAS;2
3/12/2016;FIBRA OPTICA DE 48 HILOS;500
3/12/2016;BANDEJAS;2
3/12/2016;FIBRA OPTICA DE 48 HILOS;90
3/12/2016;MUFAS PUP;2
3/12/2016;BANDEJAS;8
5/12/2016;MUFAS PUP;1
5/12/2016;BANDEJAS;4
5/12/2016;BANDEJAS;1
5/12/2016;BANDEJAS;2
5/12/2016;FIBRA OPTICA DE 48 HILOS;366
5/12/2016;MUFAS PUP;2
5/12/2016;BANDEJAS;4
6/12/2016;BANDEJAS;1
7/12/2016;BANDEJAS;2
7/12/2016;BANDEJAS;2
7/12/2016;BANDEJAS;1
7/12/2016;BANDEJAS;2
7/12/2016;BANDEJAS;2
7/12/2016;BANDEJAS;1
7/12/2016;FIBRA OPTICA DE 48 HILOS;377
7/12/2016;MUFAS PUP;2
7/12/2016;BANDEJAS;10
8/12/2016;BANDEJAS;1
8/12/2016;BANDEJAS;2
8/12/2016;BANDEJAS;1
9/12/2016;MUFAS PUP;1
9/12/2016;BANDEJAS;4
9/12/2016;BANDEJAS;2
9/12/2016;BANDEJAS;2
9/12/2016;BANDEJAS;2
10/12/2016;FIBRA OPTICA DE 48 HILOS;200
10/12/2016;MUFAS PUP;1
10/12/2016;BANDEJAS;4
10/12/2016;BANDEJAS;2
10/12/2016;BANDEJAS;1
12/12/2016;BANDEJAS;2
12/12/2016;BANDEJAS;3
13/12/2016;BANDEJAS;1
13/12/2016;BANDEJAS;2
13/12/2016;BANDEJAS;1
13/12/2016;CRUCETAS;3
13/12/2016;BANDEJAS;1
13/12/2016;MUFAS PUP;1
13/12/2016;BANDEJAS;1
13/12/2016;BANDEJAS;2
14/12/2016;BANDEJAS;1
14/12/2016;BANDEJAS;4
14/12/2016;MUFAS PUP;1
14/12/2016;MUFAS PUP;1
14/12/2016;BANDEJAS;4
16/12/2016;BANDEJAS;1
16/12/2016;BANDEJAS;1
16/12/2016;FIBRA OPTICA DE 48 HILOS;179
16/12/2016;BANDEJAS;8
17/12/2016;BANDEJAS;1
18/12/2016;FIBRA OPTICA DE 48 HILOS;200
18/12/2016;MUFAS PUP;2
18/12/2016;BANDEJAS;8
19/12/2016;BANDEJAS;2
19/12/2016;BANDEJAS;1
19/12/2016;MUFAS PUP;1
19/12/2016;BANDEJAS;4
20/12/2016;BANDEJAS;2
20/12/2016;MUFAS PUP;2
20/12/2016;BANDEJAS;8
20/12/2016;FIBRA OPTICA DE 48 HILOS;291
20/12/2016;MUFAS PUP;1
20/12/2016;BANDEJAS;4
20/12/2016;BANDEJAS;1
20/12/2016;MUFAS PUP;2
20/12/2016;BANDEJAS;8
20/12/2016;BANDEJAS;1
20/12/2016;BANDEJAS;2
20/12/2016;BANDEJAS;2
21/12/2016;BANDEJAS;2
21/12/2016;MUFAS PUP;1
21/12/2016;BANDEJAS;4
21/12/2016;FIBRA OPTICA DE 48 HILOS;89
21/12/2016;MUFAS PUP;2
21/12/2016;BANDEJAS;8
21/12/2016;BANDEJAS;2
22/12/2016;BANDEJAS;1
22/12/2016;BANDEJAS;2
22/12/2016;BANDEJAS;1
23/12/2016;BANDEJAS;1
23/12/2016;FIBRA OPTICA DE 48 HILOS;1550
23/12/2016;BANDEJAS;8
23/12/2016;MUFAS PUP;2
23/12/2016;BANDEJAS;1
23/12/2016;BANDEJAS;2
23/12/2016;MUFAS PUP;1
23/12/2016;BANDEJAS;4
23/12/2016;FIBRA OPTICA DE 48 HILOS;187
23/12/2016;MUFAS PUP;2
23/12/2016;BANDEJAS;8
23/12/2016;BANDEJAS;1
24/12/2016;BANDEJAS;1
25/12/2016;MUFAS PUP;1
25/12/2016;BANDEJAS;4
26/12/2016;BANDEJAS;2
26/12/2016;BANDEJAS;4
26/12/2016;MUFAS PUP;1
26/12/2016;BANDEJAS;4
26/12/2016;BANDEJAS;2
26/12/2016;BANDEJAS;2
27/12/2016;BANDEJAS;1
27/12/2016;BANDEJAS;2
27/12/2016;BANDEJAS;1
27/12/2016;BANDEJAS;2
27/12/2016;BANDEJAS;1
27/12/2016;BANDEJAS;1
27/12/2016;BANDEJAS;2
28/12/2016;BANDEJAS;2
28/12/2016;MUFAS PUP;1
28/12/2016;BANDEJAS;2
28/12/2016;BANDEJAS;2
28/12/2016;BANDEJAS;1
28/12/2016;BANDEJAS;2
28/12/2016;BANDEJAS;2
29/12/2016;BANDEJAS;2
29/12/2016;MUFAS PUP;1
29/12/2016;BANDEJAS;4
29/12/2016;BANDEJAS;2
30/12/2016;BANDEJAS;2
30/12/2016;BANDEJAS;2
1/01/2017;BANDEJAS;1
1/01/2017;BANDEJAS;1
2/01/2017;BANDEJAS;2
2/01/2017;BANDEJAS;2
3/01/2017;BANDEJAS;1
3/01/2017;BANDEJAS;2
3/01/2017;BANDEJAS;2
3/01/2017;BANDEJAS;1
3/01/2017;BANDEJAS;2
3/01/2017;BANDEJAS;2
4/01/2017;BANDEJAS;1
4/01/2017;BANDEJAS;1
4/01/2017;BANDEJAS;2
4/01/2017;BANDEJAS;1
4/01/2017;BANDEJAS;1
4/01/2017;BANDEJAS;1
4/01/2017;BANDEJAS;1
5/01/2017;MUFAS PUP;1
5/01/2017;BANDEJAS;4
5/01/2017;MUFAS PUP;1
5/01/2017;BANDEJAS;4
5/01/2017;MUFAS PUP;1
5/01/2017;BANDEJAS;4
5/01/2017;MUFAS PUP;1
5/01/2017;BANDEJAS;4
6/01/2017;BANDEJAS;2
6/01/2017;BANDEJAS;1
6/01/2017;BANDEJAS;1
6/01/2017;BANDEJAS;2
6/01/2017;BANDEJAS;1
6/01/2017;BANDEJAS;1
7/01/2017;BANDEJAS;4
7/01/2017;MUFAS PUP;1
7/01/2017;BANDEJAS;1
7/01/2017;FIBRA OPTICA DE 48 HILOS;300
7/01/2017;BANDEJAS;1
7/01/2017;MUFAS PUP;1
7/01/2017;BANDEJAS;4
7/01/2017;FIBRA OPTICA DE 48 HILOS;293
7/01/2017;BANDEJAS;4
7/01/2017;MUFAS PUP;1
7/01/2017;BANDEJAS;1
7/01/2017;FIBRA OPTICA DE 48 HILOS;300
7/01/2017;BANDEJAS;1
7/01/2017;MUFAS PUP;1
7/01/2017;BANDEJAS;4
7/01/2017;FIBRA OPTICA DE 48 HILOS;293
8/01/2017;BANDEJAS;2
8/01/2017;CRUCETAS;2
8/01/2017;FIBRA OPTICA DE 48 HILOS;296
8/01/2017;CRUCETAS;1
8/01/2017;MUFAS PUP;1
8/01/2017;BANDEJAS;4
8/01/2017;FIBRA OPTICA DE 48 HILOS;296
8/01/2017;CRUCETAS;1
8/01/2017;BANDEJAS;2
8/01/2017;BANDEJAS;2
8/01/2017;FIBRA OPTICA DE 48 HILOS;296
8/01/2017;MUFAS PUP;1
8/01/2017;BANDEJAS;4
8/01/2017;BANDEJAS;2
9/01/2017;BANDEJAS;1
9/01/2017;BANDEJAS;1
9/01/2017;BANDEJAS;2
9/01/2017;BANDEJAS;1
9/01/2017;BANDEJAS;1
9/01/2017;BANDEJAS;1
9/01/2017;BANDEJAS;2
9/01/2017;BANDEJAS;1
10/01/2017;BANDEJAS;2
10/01/2017;FIBRA OPTICA DE 48 HILOS;143
10/01/2017;MUFAS PUP;2
10/01/2017;BANDEJAS;8
10/01/2017;BANDEJAS;2
10/01/2017;BANDEJAS;2
10/01/2017;BANDEJAS;1
10/01/2017;BANDEJAS;2
10/01/2017;BANDEJAS;2
10/01/2017;FIBRA OPTICA DE 48 HILOS;143
10/01/2017;MUFAS PUP;2
10/01/2017;BANDEJAS;8
10/01/2017;BANDEJAS;2
10/01/2017;BANDEJAS;1
10/01/2017;BANDEJAS;2
11/01/2017;BANDEJAS;1
11/01/2017;MUFAS PUP;1
11/01/2017;BANDEJAS;4
11/01/2017;MUFAS PUP;1
11/01/2017;BANDEJAS;4
11/01/2017;FIBRA OPTICA DE 48 HILOS;127
11/01/2017;MUFAS PUP;1
11/01/2017;BANDEJAS;5
11/01/2017;MUFAS PUP;1
11/01/2017;BANDEJAS;4
11/01/2017;BANDEJAS;2
11/01/2017;BANDEJAS;2
11/01/2017;BANDEJAS;1
11/01/2017;BANDEJAS;1
11/01/2017;BANDEJAS;2
11/01/2017;BANDEJAS;1
11/01/2017;MUFAS PUP;1
11/01/2017;BANDEJAS;4
11/01/2017;MUFAS PUP;1
11/01/2017;BANDEJAS;4
11/01/2017;FIBRA OPTICA DE 48 HILOS;127
11/01/2017;MUFAS PUP;1
11/01/2017;BANDEJAS;5
11/01/2017;MUFAS PUP;1
11/01/2017;BANDEJAS;4
11/01/2017;BANDEJAS;2
11/01/2017;BANDEJAS;2
11/01/2017;BANDEJAS;1
11/01/2017;BANDEJAS;1
11/01/2017;BANDEJAS;2
12/01/2017;MUFAS PUP;1
12/01/2017;BANDEJAS;4
12/01/2017;FIBRA OPTICA DE 48 HILOS;330
12/01/2017;BANDEJAS;1
12/01/2017;MUFAS PUP;1
12/01/2017;BANDEJAS;2
12/01/2017;MUFAS PUP;1
12/01/2017;MUFAS PUP;1
12/01/2017;BANDEJAS;4
12/01/2017;FIBRA OPTICA DE 48 HILOS;330
12/01/2017;BANDEJAS;1
12/01/2017;MUFAS PUP;1
12/01/2017;BANDEJAS;2
13/01/2017;MUFAS PUP;2
13/01/2017;BANDEJAS;2
13/01/2017;BANDEJAS;2
13/01/2017;BANDEJAS;1
13/01/2017;BANDEJAS;1
13/01/2017;MUFAS PUP;2
13/01/2017;BANDEJAS;8
13/01/2017;FIBRA OPTICA DE 48 HILOS;250
13/01/2017;MUFAS PUP;2
13/01/2017;BANDEJAS;2
13/01/2017;BANDEJAS;2
13/01/2017;BANDEJAS;1
13/01/2017;BANDEJAS;1
13/01/2017;MUFAS PUP;2
13/01/2017;BANDEJAS;8
13/01/2017;FIBRA OPTICA DE 48 HILOS;250
14/01/2017;FIBRA OPTICA DE 48 HILOS;152
14/01/2017;MUFAS PUP;2
14/01/2017;BANDEJAS;2
14/01/2017;BANDEJAS;1
14/01/2017;BANDEJAS;2
14/01/2017;FIBRA OPTICA DE 48 HILOS;152
14/01/2017;MUFAS PUP;2
14/01/2017;BANDEJAS;2
14/01/2017;BANDEJAS;1
14/01/2017;BANDEJAS;2
15/01/2017;MUFAS PUP;1
15/01/2017;BANDEJAS;2
15/01/2017;MUFAS PUP;1
15/01/2017;BANDEJAS;2
16/01/2017;BANDEJAS;1
16/01/2017;BANDEJAS;2
16/01/2017;MUFAS PUP;2
16/01/2017;BANDEJAS;8
16/01/2017;MUFAS PUP;2
16/01/2017;BANDEJAS;8
16/01/2017;BANDEJAS;1
16/01/2017;BANDEJAS;1
16/01/2017;BANDEJAS;2
16/01/2017;MUFAS PUP;2
16/01/2017;BANDEJAS;8
16/01/2017;BANDEJAS;1
17/01/2017;FIBRA OPTICA DE 48 HILOS;132
17/01/2017;FIBRA OPTICA DE 48 HILOS;132
18/01/2017;FIBRA OPTICA DE 48 HILOS;335
18/01/2017;MUFAS PUP;1
18/01/2017;BANDEJAS;4
18/01/2017;BANDEJAS;1
18/01/2017;CRUCETAS;1
18/01/2017;FIBRA OPTICA DE 48 HILOS;335
18/01/2017;MUFAS PUP;1
18/01/2017;BANDEJAS;4
18/01/2017;BANDEJAS;1
18/01/2017;CRUCETAS;1
19/01/2017;BANDEJAS;1
19/01/2017;BANDEJAS;2
19/01/2017;BANDEJAS;1
19/01/2017;BANDEJAS;1
19/01/2017;BANDEJAS;2
19/01/2017;BANDEJAS;1
20/01/2017;FIBRA OPTICA DE 48 HILOS;198
20/01/2017;MUFAS PUP;1
20/01/2017;BANDEJAS;7
20/01/2017;FIBRA OPTICA DE 48 HILOS;129
20/01/2017;FIBRA OPTICA DE 48 HILOS;198
20/01/2017;MUFAS PUP;1
20/01/2017;BANDEJAS;7
20/01/2017;FIBRA OPTICA DE 48 HILOS;129
21/01/2017;FIBRA OPTICA DE 48 HILOS;94
21/01/2017;FIBRA OPTICA DE 48 HILOS;94
22/01/2017;BANDEJAS;2
22/01/2017;BANDEJAS;2
23/01/2017;BANDEJAS;1
23/01/2017;BANDEJAS;1
23/01/2017;BANDEJAS;2
23/01/2017;MUFAS PUP;1
23/01/2017;BANDEJAS;4
23/01/2017;BANDEJAS;2
23/01/2017;BANDEJAS;1
23/01/2017;BANDEJAS;1
23/01/2017;MUFAS PUP;1
23/01/2017;BANDEJAS;4
23/01/2017;BANDEJAS;2
24/01/2017;FIBRA OPTICA DE 48 HILOS;130
24/01/2017;MUFAS PUP;2
24/01/2017;BANDEJAS;8
24/01/2017;CRUCETAS;1
24/01/2017;MUFAS PUP;1
24/01/2017;BANDEJAS;4
24/01/2017;MUFAS PUP;1
24/01/2017;BANDEJAS;2
24/01/2017;FIBRA OPTICA DE 48 HILOS;130
24/01/2017;MUFAS PUP;2
24/01/2017;BANDEJAS;8
24/01/2017;CRUCETAS;1
24/01/2017;MUFAS PUP;1
24/01/2017;BANDEJAS;4
24/01/2017;MUFAS PUP;1
24/01/2017;BANDEJAS;2
25/01/2017;BANDEJAS;1
25/01/2017;BANDEJAS;1
26/01/2017;FIBRA OPTICA DE 48 HILOS;170
26/01/2017;MUFAS PUP;2
26/01/2017;BANDEJAS;8
26/01/2017;BANDEJAS;2
26/01/2017;BANDEJAS;2
26/01/2017;BANDEJAS;2
26/01/2017;FIBRA OPTICA DE 48 HILOS;170
26/01/2017;MUFAS PUP;2
26/01/2017;BANDEJAS;8
26/01/2017;BANDEJAS;2
26/01/2017;BANDEJAS;2
26/01/2017;BANDEJAS;2
27/01/2017;BANDEJAS;1
27/01/2017;BANDEJAS;1
27/01/2017;BANDEJAS;2
27/01/2017;BANDEJAS;2
27/01/2017;BANDEJAS;2
28/01/2017;BANDEJAS;4
29/01/2017;FIBRA OPTICA DE 48 HILOS;178
29/01/2017;FIBRA OPTICA DE 48 HILOS;178
29/01/2017;BANDEJAS;1
30/01/2017;MUFAS PUP;1
30/01/2017;BANDEJAS;4
30/01/2017;CRUCETAS;1
30/01/2017;MUFAS PUP;1
30/01/2017;BANDEJAS;4
30/01/2017;CRUCETAS;1
30/01/2017;BANDEJAS;1
30/01/2017;BANDEJAS;1
31/01/2017;BANDEJAS;2
31/01/2017;BANDEJAS;1
31/01/2017;MUFAS PUP;1
31/01/2017;BANDEJAS;6
1/02/2017;BANDEJAS;1
1/02/2017;BANDEJAS;1
1/02/2017;FIBRA OPTICA DE 48 HILOS;100
2/02/2017;FIBRA OPTICA DE 48 HILOS;75
2/02/2017;BANDEJAS;1
3/02/2017;MUFAS PUP;1
3/02/2017;BANDEJAS;2
3/02/2017;FIBRA OPTICA DE 48 HILOS;25
3/02/2017;MUFAS PUP;1
3/02/2017;BANDEJAS;4
3/02/2017;MUFAS PUP;1
3/02/2017;BANDEJAS;2
3/02/2017;FIBRA OPTICA DE 48 HILOS;25
3/02/2017;MUFAS PUP;1
3/02/2017;BANDEJAS;4
3/02/2017;BANDEJAS;1
3/02/2017;BANDEJAS;2
4/02/2017;MUFAS PUP;1
4/02/2017;BANDEJAS;2
6/02/2017;MUFAS PUP;1
6/02/2017;BANDEJAS;1
6/02/2017;MUFAS PUP;1
6/02/2017;BANDEJAS;1
6/02/2017;BANDEJAS;1
6/02/2017;BANDEJAS;2
7/02/2017;BANDEJAS;1
7/02/2017;BANDEJAS;2
8/02/2017;BANDEJAS;2
9/02/2017;BANDEJAS;1
9/02/2017;BANDEJAS;1
10/02/2017;BANDEJAS;1
10/02/2017;MUFAS PUP;1
10/02/2017;BANDEJAS;4
10/02/2017;FIBRA OPTICA DE 48 HILOS;342
10/02/2017;BANDEJAS;1
10/02/2017;MUFAS PUP;1
10/02/2017;BANDEJAS;4
10/02/2017;FIBRA OPTICA DE 48 HILOS;342
10/02/2017;BANDEJAS;1
10/02/2017;BANDEJAS;1
10/02/2017;MUFAS PUP;1
10/02/2017;BANDEJAS;4
11/02/2017;BANDEJAS;2
11/02/2017;BANDEJAS;2
11/02/2017;BANDEJAS;1
12/02/2017;BANDEJAS;2
13/02/2017;BANDEJAS;2
13/02/2017;BANDEJAS;2
13/02/2017;BANDEJAS;2
13/02/2017;BANDEJAS;2
13/02/2017;MUFAS PUP;1
13/02/2017;BANDEJAS;4
14/02/2017;BANDEJAS;1
15/02/2017;MUFAS PUP;1
15/02/2017;BANDEJAS;3
15/02/2017;MUFAS PUP;1
15/02/2017;BANDEJAS;3
15/02/2017;BANDEJAS;2
15/02/2017;BANDEJAS;1
15/02/2017;BANDEJAS;2
15/02/2017;MUFAS PUP;2
15/02/2017;BANDEJAS;8
15/02/2017;BANDEJAS;1
15/02/2017;BANDEJAS;2
16/02/2017;MUFAS PUP;2
16/02/2017;BANDEJAS;8
16/02/2017;BANDEJAS;1
17/02/2017;BANDEJAS;1
17/02/2017;BANDEJAS;2
18/02/2017;BANDEJAS;1
18/02/2017;BANDEJAS;1
20/02/2017;BANDEJAS;2
20/02/2017;BANDEJAS;2
20/02/2017;BANDEJAS;2
21/02/2017;BANDEJAS;2
21/02/2017;BANDEJAS;2
22/02/2017;BANDEJAS;5
22/02/2017;BANDEJAS;5
22/02/2017;BANDEJAS;2
22/02/2017;MUFAS PUP;1
22/02/2017;BANDEJAS;4
23/02/2017;MUFAS PUP;2
23/02/2017;BANDEJAS;4
23/02/2017;FIBRA OPTICA DE 48 HILOS;299
23/02/2017;CRUCETAS;1
23/02/2017;MUFAS PUP;2
23/02/2017;BANDEJAS;4
23/02/2017;FIBRA OPTICA DE 48 HILOS;299
23/02/2017;CRUCETAS;1
23/02/2017;MUFAS PUP;2
23/02/2017;BANDEJAS;8
25/02/2017;BANDEJAS;2
26/02/2017;MUFAS PUP;1
26/02/2017;BANDEJAS;6
27/02/2017;BANDEJAS;1
28/02/2017;BANDEJAS;1
28/02/2017;MUFAS PUP;1
28/02/2017;BANDEJAS;1
28/02/2017;BANDEJAS;2
28/02/2017;BANDEJAS;1
1/03/2017;BANDEJAS;2
2/03/2017;BANDEJAS;2
2/03/2017;BANDEJAS;1
2/03/2017;FIBRA OPTICA DE 48 HILOS;203
2/03/2017;MUFAS PUP;4
2/03/2017;BANDEJAS;16
2/03/2017;FIBRA OPTICA DE 48 HILOS;166
2/03/2017;MUFAS PUP;4
2/03/2017;BANDEJAS;18
3/03/2017;BANDEJAS;2
3/03/2017;BANDEJAS;2
3/03/2017;BANDEJAS;1
3/03/2017;FIBRA OPTICA DE 48 HILOS;176
3/03/2017;MUFAS PUP;1
3/03/2017;BANDEJAS;4
4/03/2017;BANDEJAS;4
4/03/2017;MUFAS PUP;1
4/03/2017;BANDEJAS;4
4/03/2017;MUFAS PUP;1
4/03/2017;BANDEJAS;2
4/03/2017;BANDEJAS;2
4/03/2017;FIBRA OPTICA DE 48 HILOS;86
4/03/2017;MUFAS PUP;2
4/03/2017;BANDEJAS;8
6/03/2017;BANDEJAS;1
6/03/2017;BANDEJAS;1
6/03/2017;BANDEJAS;2
6/03/2017;BANDEJAS;1
7/03/2017;FIBRA OPTICA DE 48 HILOS;300
7/03/2017;MUFAS PUP;1
7/03/2017;BANDEJAS;2
8/03/2017;BANDEJAS;1
8/03/2017;BANDEJAS;1
8/03/2017;BANDEJAS;1
8/03/2017;BANDEJAS;2
8/03/2017;BANDEJAS;1
8/03/2017;MUFAS PUP;1
8/03/2017;BANDEJAS;3
8/03/2017;MUFAS PUP;1
8/03/2017;BANDEJAS;24
8/03/2017;CRUCETAS;3
9/03/2017;FIBRA OPTICA DE 48 HILOS;284
9/03/2017;MUFAS PUP;1
9/03/2017;BANDEJAS;4
9/03/2017;BANDEJAS;2
10/03/2017;BANDEJAS;1
10/03/2017;BANDEJAS;1
10/03/2017;BANDEJAS;1
10/03/2017;BANDEJAS;1
11/03/2017;MUFAS PUP;1
11/03/2017;BANDEJAS;4
11/03/2017;MUFAS PUP;1
11/03/2017;BANDEJAS;4
11/03/2017;FIBRA OPTICA DE 48 HILOS;147
11/03/2017;MUFAS PUP;1
11/03/2017;BANDEJAS;6
11/03/2017;FIBRA OPTICA DE 48 HILOS;357
11/03/2017;BANDEJAS;13
12/03/2017;MUFAS PUP;1
12/03/2017;BANDEJAS;3
12/03/2017;BANDEJAS;2
13/03/2017;MUFAS PUP;1
13/03/2017;BANDEJAS;4
13/03/2017;MUFAS PUP;1
13/03/2017;BANDEJAS;4
13/03/2017;BANDEJAS;1
13/03/2017;BANDEJAS;1
13/03/2017;BANDEJAS;2
13/03/2017;FIBRA OPTICA DE 48 HILOS;97
13/03/2017;MUFAS PUP;2
13/03/2017;BANDEJAS;4
14/03/2017;MUFAS PUP;2
14/03/2017;BANDEJAS;4
14/03/2017;FIBRA OPTICA DE 48 HILOS;175
14/03/2017;MUFAS PUP;2
14/03/2017;BANDEJAS;4
14/03/2017;FIBRA OPTICA DE 48 HILOS;175
14/03/2017;MUFAS PUP;2
14/03/2017;BANDEJAS;10
14/03/2017;CRUCETAS;1
15/03/2017;BANDEJAS;1
15/03/2017;MUFAS PUP;1
15/03/2017;BANDEJAS;4
15/03/2017;MUFAS PUP;1
15/03/2017;BANDEJAS;4
15/03/2017;BANDEJAS;1
15/03/2017;MUFAS PUP;1
15/03/2017;BANDEJAS;4
15/03/2017;BANDEJAS;2
15/03/2017;BANDEJAS;2
15/03/2017;FIBRA OPTICA DE 48 HILOS;200
15/03/2017;FIBRA OPTICA DE 48 HILOS;143
15/03/2017;MUFAS PUP;1
15/03/2017;BANDEJAS;4
15/03/2017;BANDEJAS;1
16/03/2017;BANDEJAS;1
17/03/2017;BANDEJAS;1
18/03/2017;FIBRA OPTICA DE 48 HILOS;356
18/03/2017;MUFAS PUP;1
18/03/2017;BANDEJAS;8
18/03/2017;BANDEJAS;4
19/03/2017;BANDEJAS;1
20/03/2017;BANDEJAS;2
20/03/2017;FIBRA OPTICA DE 48 HILOS;178
20/03/2017;MUFAS PUP;1
20/03/2017;BANDEJAS;4
21/03/2017;BANDEJAS;2
21/03/2017;BANDEJAS;2
21/03/2017;MUFAS PUP;1
21/03/2017;BANDEJAS;5
22/03/2017;BANDEJAS;1
22/03/2017;FIBRA OPTICA DE 48 HILOS;300
22/03/2017;BANDEJAS;8
22/03/2017;MUFAS PUP;2
22/03/2017;CRUCETAS;2
22/03/2017;FIBRA OPTICA DE 48 HILOS;107
22/03/2017;BANDEJAS;8
23/03/2017;FIBRA OPTICA DE 48 HILOS;317
23/03/2017;MUFAS PUP;2
23/03/2017;BANDEJAS;8
23/03/2017;CRUCETAS;2
23/03/2017;BANDEJAS;1
25/03/2017;FIBRA OPTICA DE 48 HILOS;320
25/03/2017;BANDEJAS;8
25/03/2017;MUFAS PUP;2
25/03/2017;CRUCETAS;1
29/03/2017;MUFAS PUP;2
29/03/2017;BANDEJAS;8
29/03/2017;BANDEJAS;2
29/03/2017;BANDEJAS;2
3/04/2017;MUFAS PUP;1
3/04/2017;BANDEJAS;4
3/04/2017;BANDEJAS;1
3/04/2017;CRUCETAS;1
5/04/2017;BANDEJAS;1
7/04/2017;MUFAS PUP;1
7/04/2017;BANDEJAS;4
7/04/2017;FIBRA OPTICA DE 48 HILOS;300
8/04/2017;CRUCETAS;1
9/04/2017;BANDEJAS;1
9/04/2017;BANDEJAS;2
9/04/2017;FIBRA OPTICA DE 48 HILOS;400
9/04/2017;MUFAS PUP;2
9/04/2017;BANDEJAS;8
9/04/2017;CRUCETAS;2
9/04/2017;BANDEJAS;2
9/04/2017;MUFAS PUP;1
9/04/2017;BANDEJAS;4
10/04/2017;BANDEJAS;2
10/04/2017;MUFAS PUP;2
10/04/2017;BANDEJAS;8
10/04/2017;CRUCETAS;2
10/04/2017;FIBRA OPTICA DE 48 HILOS;338
11/04/2017;CRUCETAS;2
11/04/2017;FIBRA OPTICA DE 48 HILOS;246
11/04/2017;BANDEJAS;8
11/04/2017;BANDEJAS;2
11/04/2017;MUFAS PUP;2
11/04/2017;BANDEJAS;1
11/04/2017;CRUCETAS;2
11/04/2017;BANDEJAS;4
12/04/2017;BANDEJAS;4
12/04/2017;MUFAS PUP;1
12/04/2017;BANDEJAS;1
12/04/2017;FIBRA OPTICA DE 48 HILOS;207
12/04/2017;CRUCETAS;2
13/04/2017;MUFAS PUP;1
13/04/2017;FIBRA OPTICA DE 48 HILOS;475
13/04/2017;MUFAS PUP;1
13/04/2017;BANDEJAS;2
14/04/2017;FIBRA OPTICA DE 48 HILOS;182
14/04/2017;FIBRA OPTICA DE 48 HILOS;368
15/04/2017;BANDEJAS;1
15/04/2017;BANDEJAS;1
15/04/2017;BANDEJAS;4
15/04/2017;MUFAS PUP;1
15/04/2017;BANDEJAS;1
16/04/2017;BANDEJAS;2
16/04/2017;BANDEJAS;1
16/04/2017;FIBRA OPTICA DE 48 HILOS;200
16/04/2017;MUFAS PUP;2
16/04/2017;BANDEJAS;8
16/04/2017;CRUCETAS;2
16/04/2017;BANDEJAS;4
16/04/2017;MUFAS PUP;1
17/04/2017;BANDEJAS;1
17/04/2017;BANDEJAS;2
17/04/2017;CRUCETAS;2
17/04/2017;BANDEJAS;1
17/04/2017;BANDEJAS;2
17/04/2017;BANDEJAS;2
18/04/2017;BANDEJAS;1
18/04/2017;BANDEJAS;1
18/04/2017;MUFAS PUP;2
18/04/2017;FIBRA OPTICA DE 48 HILOS;295
18/04/2017;BANDEJAS;8
18/04/2017;CRUCETAS;2
18/04/2017;MUFAS PUP;1
18/04/2017;BANDEJAS;4
18/04/2017;CRUCETAS;1
18/04/2017;BANDEJAS;2
18/04/2017;BANDEJAS;1
18/04/2017;MUFAS PUP;2
18/04/2017;FIBRA OPTICA DE 48 HILOS;295
18/04/2017;BANDEJAS;8
18/04/2017;CRUCETAS;2
18/04/2017;MUFAS PUP;1
18/04/2017;BANDEJAS;4
18/04/2017;CRUCETAS;1
19/04/2017;MUFAS PUP;1
19/04/2017;BANDEJAS;4
19/04/2017;BANDEJAS;2
19/04/2017;BANDEJAS;1
20/04/2017;BANDEJAS;2
20/04/2017;FIBRA OPTICA DE 48 HILOS;180
20/04/2017;MUFAS PUP;1
20/04/2017;MUFAS PUP;1
20/04/2017;BANDEJAS;2
20/04/2017;BANDEJAS;4
20/04/2017;CRUCETAS;1
20/04/2017;CRUCETAS;1
20/04/2017;MUFAS PUP;1
20/04/2017;BANDEJAS;2
20/04/2017;BANDEJAS;2
20/04/2017;BANDEJAS;1
20/04/2017;BANDEJAS;1
21/04/2017;BANDEJAS;2
21/04/2017;BANDEJAS;1
21/04/2017;BANDEJAS;2
21/04/2017;BANDEJAS;2
21/04/2017;BANDEJAS;4
22/04/2017;FIBRA OPTICA DE 48 HILOS;278
22/04/2017;BANDEJAS;1
22/04/2017;FIBRA OPTICA DE 48 HILOS;146
22/04/2017;BANDEJAS;2
22/04/2017;BANDEJAS;2
22/04/2017;CRUCETAS;1
23/04/2017;MUFAS PUP;1
23/04/2017;BANDEJAS;3
23/04/2017;BANDEJAS;1
23/04/2017;MUFAS PUP;1
23/04/2017;BANDEJAS;4
23/04/2017;MUFAS PUP;1
23/04/2017;BANDEJAS;2
23/04/2017;MUFAS PUP;1
23/04/2017;BANDEJAS;4
23/04/2017;MUFAS PUP;1
23/04/2017;BANDEJAS;4
24/04/2017;BANDEJAS;1
24/04/2017;FIBRA OPTICA DE 48 HILOS;300
24/04/2017;MUFAS PUP;1
24/04/2017;BANDEJAS;1
25/04/2017;BANDEJAS;2
25/04/2017;BANDEJAS;2
26/04/2017;MUFAS PUP;1
26/04/2017;BANDEJAS;4
26/04/2017;BANDEJAS;1
27/04/2017;BANDEJAS;2
27/04/2017;BANDEJAS;2
27/04/2017;BANDEJAS;1
27/04/2017;BANDEJAS;2
27/04/2017;BANDEJAS;2
27/04/2017;BANDEJAS;1
28/04/2017;BANDEJAS;4
28/04/2017;MUFAS PUP;1
28/04/2017;MUFAS PUP;2
28/04/2017;BANDEJAS;8
28/04/2017;FIBRA OPTICA DE 48 HILOS;250
28/04/2017;BANDEJAS;1
28/04/2017;FIBRA OPTICA DE 48 HILOS;130
28/04/2017;MUFAS PUP;2
28/04/2017;BANDEJAS;4
28/04/2017;CRUCETAS;2
28/04/2017;CRUCETAS;2
28/04/2017;BANDEJAS;2
29/04/2017;MUFAS PUP;1
29/04/2017;BANDEJAS;1
29/04/2017;CRUCETAS;1
29/04/2017;BANDEJAS;2
30/04/2017;BANDEJAS;1
1/05/2017;MUFAS PUP;1
1/05/2017;BANDEJAS;4
1/05/2017;BANDEJAS;1
2/05/2017;BANDEJAS;2
2/05/2017;BANDEJAS;2
2/05/2017;BANDEJAS;1
2/05/2017;CRUCETAS;2
2/05/2017;BANDEJAS;1
2/05/2017;BANDEJAS;1
2/05/2017;BANDEJAS;1
3/05/2017;MUFAS PUP;1
4/05/2017;FIBRA OPTICA DE 48 HILOS;135
4/05/2017;BANDEJAS;1
4/05/2017;FIBRA OPTICA DE 48 HILOS;149
4/05/2017;MUFAS PUP;2
4/05/2017;BANDEJAS;5
4/05/2017;BANDEJAS;3
5/05/2017;BANDEJAS;2
5/05/2017;MUFAS PUP;1
5/05/2017;BANDEJAS;4
5/05/2017;CRUCETAS;1
5/05/2017;MUFAS PUP;1
5/05/2017;BANDEJAS;4
5/05/2017;BANDEJAS;6
5/05/2017;CRUCETAS;2
5/05/2017;BANDEJAS;2
6/05/2017;MUFAS PUP;4
6/05/2017;BANDEJAS;9
6/05/2017;MUFAS PUP;2
6/05/2017;BANDEJAS;3
6/05/2017;BANDEJAS;1
6/05/2017;FIBRA OPTICA DE 48 HILOS;217
6/05/2017;MUFAS PUP;1
6/05/2017;CRUCETAS;1
6/05/2017;BANDEJAS;2
7/05/2017;BANDEJAS;1
7/05/2017;BANDEJAS;1
7/05/2017;MUFAS PUP;1
7/05/2017;BANDEJAS;1
7/05/2017;BANDEJAS;1
7/05/2017;BANDEJAS;2
8/05/2017;BANDEJAS;2
8/05/2017;BANDEJAS;8
8/05/2017;FIBRA OPTICA DE 48 HILOS;240
8/05/2017;MUFAS PUP;2
8/05/2017;BANDEJAS;1
8/05/2017;BANDEJAS;4
8/05/2017;CRUCETAS;1
9/05/2017;BANDEJAS;1
9/05/2017;CRUCETAS;1
9/05/2017;BANDEJAS;1
9/05/2017;BANDEJAS;4
9/05/2017;MUFAS PUP;1
9/05/2017;BANDEJAS;1
9/05/2017;BANDEJAS;2
9/05/2017;BANDEJAS;2
10/05/2017;MUFAS PUP;1
10/05/2017;BANDEJAS;1
11/05/2017;FIBRA OPTICA DE 48 HILOS;200
11/05/2017;MUFAS PUP;2
11/05/2017;BANDEJAS;8
11/05/2017;CRUCETAS;1
11/05/2017;BANDEJAS;1
11/05/2017;MUFAS PUP;1
11/05/2017;BANDEJAS;5
11/05/2017;BANDEJAS;1
12/05/2017;BANDEJAS;2
12/05/2017;BANDEJAS;2
14/05/2017;BANDEJAS;2
15/05/2017;CRUCETAS;1
15/05/2017;BANDEJAS;1
15/05/2017;CRUCETAS;3
15/05/2017;FIBRA OPTICA DE 48 HILOS;450
15/05/2017;MUFAS PUP;1
15/05/2017;BANDEJAS;4
16/05/2017;BANDEJAS;1
16/05/2017;BANDEJAS;1
16/05/2017;CRUCETAS;1
16/05/2017;CRUCETAS;1
16/05/2017;BANDEJAS;1
16/05/2017;BANDEJAS;1
16/05/2017;BANDEJAS;1
16/05/2017;MUFAS PUP;1
16/05/2017;BANDEJAS;4
16/05/2017;CRUCETAS;1
16/05/2017;FIBRA OPTICA DE 48 HILOS;487
17/05/2017;FIBRA OPTICA DE 48 HILOS;259
17/05/2017;MUFAS PUP;4
17/05/2017;BANDEJAS;5
17/05/2017;BANDEJAS;2
17/05/2017;CRUCETAS;3
17/05/2017;BANDEJAS;4
17/05/2017;CRUCETAS;1
18/05/2017;BANDEJAS;2
18/05/2017;BANDEJAS;1
18/05/2017;CRUCETAS;1
18/05/2017;BANDEJAS;1
18/05/2017;CRUCETAS;1
19/05/2017;MUFAS PUP;1
19/05/2017;MUFAS PUP;1
19/05/2017;BANDEJAS;4
19/05/2017;FIBRA OPTICA DE 48 HILOS;257
19/05/2017;BANDEJAS;2
19/05/2017;CRUCETAS;2
20/05/2017;BANDEJAS;1
20/05/2017;FIBRA OPTICA DE 48 HILOS;300
20/05/2017;MUFAS PUP;2
20/05/2017;BANDEJAS;8
20/05/2017;CRUCETAS;2
20/05/2017;MUFAS PUP;1
20/05/2017;BANDEJAS;1
21/05/2017;BANDEJAS;2
21/05/2017;FIBRA OPTICA DE 48 HILOS;515
22/05/2017;BANDEJAS;1
22/05/2017;FIBRA OPTICA DE 48 HILOS;413
22/05/2017;BANDEJAS;1
22/05/2017;CRUCETAS;1
22/05/2017;MUFAS PUP;1
22/05/2017;BANDEJAS;4
23/05/2017;MUFAS PUP;2
23/05/2017;BANDEJAS;8
23/05/2017;CRUCETAS;1
23/05/2017;FIBRA OPTICA DE 48 HILOS;394
23/05/2017;BANDEJAS;1
23/05/2017;BANDEJAS;1
23/05/2017;BANDEJAS;2
24/05/2017;BANDEJAS;1
24/05/2017;BANDEJAS;2
24/05/2017;MUFAS PUP;2
24/05/2017;BANDEJAS;8
25/05/2017;FIBRA OPTICA DE 48 HILOS;1700
25/05/2017;BANDEJAS;4
25/05/2017;MUFAS PUP;1
25/05/2017;BANDEJAS;2
25/05/2017;CRUCETAS;1
25/05/2017;BANDEJAS;1
27/05/2017;MUFAS PUP;1
27/05/2017;BANDEJAS;4
27/05/2017;FIBRA OPTICA DE 48 HILOS;403
27/05/2017;MUFAS PUP;4
27/05/2017;BANDEJAS;18
27/05/2017;MUFAS PUP;1
27/05/2017;BANDEJAS;2
27/05/2017;FIBRA OPTICA DE 48 HILOS;77
27/05/2017;MUFAS PUP;2
27/05/2017;BANDEJAS;8
27/05/2017;FIBRA OPTICA DE 48 HILOS;154
27/05/2017;BANDEJAS;4
27/05/2017;FIBRA OPTICA DE 48 HILOS;75
27/05/2017;MUFAS PUP;2
27/05/2017;BANDEJAS;4
27/05/2017;BANDEJAS;1
27/05/2017;BANDEJAS;3
28/05/2017;BANDEJAS;1
28/05/2017;CRUCETAS;1
28/05/2017;BANDEJAS;2
28/05/2017;MUFAS PUP;1
28/05/2017;BANDEJAS;4
28/05/2017;MUFAS PUP;2
28/05/2017;BANDEJAS;2
28/05/2017;BANDEJAS;6
28/05/2017;MUFAS PUP;1
28/05/2017;BANDEJAS;1
29/05/2017;BANDEJAS;2
29/05/2017;BANDEJAS;1
29/05/2017;BANDEJAS;2
29/05/2017;BANDEJAS;2
29/05/2017;BANDEJAS;2
29/05/2017;MUFAS PUP;1
29/05/2017;BANDEJAS;1
30/05/2017;BANDEJAS;1
31/05/2017;MUFAS PUP;1
31/05/2017;BANDEJAS;4
31/05/2017;MUFAS PUP;1
31/05/2017;BANDEJAS;1
31/05/2017;FIBRA OPTICA DE 48 HILOS;256
1/06/2017;BANDEJAS;1
1/06/2017;BANDEJAS;4
1/06/2017;MUFAS PUP;1
2/06/2017;BANDEJAS;1
2/06/2017;FIBRA OPTICA DE 48 HILOS;235
2/06/2017;MUFAS PUP;1
2/06/2017;BANDEJAS;4
2/06/2017;BANDEJAS;4
2/06/2017;CRUCETAS;2
2/06/2017;BANDEJAS;2
2/06/2017;BANDEJAS;2
2/06/2017;MUFAS PUP;2
2/06/2017;BANDEJAS;5
3/06/2017;BANDEJAS;2
3/06/2017;BANDEJAS;1
4/06/2017;BANDEJAS;1
4/06/2017;BANDEJAS;1
5/06/2017;BANDEJAS;1
5/06/2017;BANDEJAS;1
5/06/2017;BANDEJAS;1
5/06/2017;BANDEJAS;1
5/06/2017;BANDEJAS;6
6/06/2017;BANDEJAS;1
6/06/2017;MUFAS PUP;2
6/06/2017;BANDEJAS;2
6/06/2017;FIBRA OPTICA DE 48 HILOS;191
6/06/2017;MUFAS PUP;2
6/06/2017;BANDEJAS;2
7/06/2017;BANDEJAS;1
7/06/2017;MUFAS PUP;1
7/06/2017;BANDEJAS;4
7/06/2017;CRUCETAS;1
7/06/2017;BANDEJAS;2
7/06/2017;FIBRA OPTICA DE 48 HILOS;119
7/06/2017;MUFAS PUP;2
7/06/2017;BANDEJAS;6
7/06/2017;BANDEJAS;2
7/06/2017;MUFAS PUP;1
7/06/2017;BANDEJAS;1
7/06/2017;FIBRA OPTICA DE 48 HILOS;164
7/06/2017;MUFAS PUP;2
7/06/2017;BANDEJAS;8
7/06/2017;BANDEJAS;1
8/06/2017;MUFAS PUP;1
8/06/2017;BANDEJAS;6
8/06/2017;MUFAS PUP;1
8/06/2017;BANDEJAS;4
